Cow_ID,Day,Milk_Temperature,Milk_pH,Milk_Conductivity,Somatic_Cell_Count,Milk_Yield,Clotting,class1
COW-128,261,39.9,7.37,8.17,744761,10.0,1,1
COW-117,177,39.36,7.17,8.04,659011,8.4,0,1
COW-140,249,38.48,6.69,5.12,112758,24.9,0,0
COW-133,244,39.32,7.07,6.81,1195228,13.0,0,1
COW-106,95,38.6,6.66,4.34,114604,22.2,0,0
COW-135,245,39.15,7.28,7.23,1037633,12.3,0,1
COW-128,244,38.06,6.49,4.9,60960,22.6,0,0
COW-105,87,40.38,7.38,8.52,489431,15.1,1,1
COW-106,224,40.1,7.05,6.69,939425,8.5,0,1
COW-119,120,39.9,7.21,8.76,1106680,12.8,0,1
COW-102,183,38.53,6.5,4.47,74034,15.9,0,0
COW-109,294,38.8,6.56,4.0,92057,24.8,0,0
COW-135,153,40.37,7.18,7.68,1040065,11.1,1,1
COW-142,8,38.16,6.63,4.44,80332,22.4,0,0
COW-103,51,38.34,6.41,4.89,125212,17.9,0,0
COW-117,166,38.27,6.76,5.42,51313,19.9,0,0
COW-109,132,38.1,6.69,4.87,155702,23.1,0,0
COW-118,224,38.33,6.42,4.92,86700,23.5,0,0
COW-119,170,38.9,7.53,7.54,1293323,12.4,1,1
COW-132,69,39.72,6.88,8.7,1238292,9.5,0,1
COW-129,218,39.77,7.52,9.27,745711,14.9,0,1
COW-124,36,40.56,7.58,7.2,868666,8.5,1,1
COW-112,236,39.56,7.54,8.12,1085129,13.3,0,1
COW-115,92,39.77,6.9,8.16,368259,12.5,0,1
COW-146,198,38.48,6.61,4.45,95372,20.2,0,0
COW-127,207,38.24,6.58,5.21,78396,21.6,0,0
COW-140,145,38.36,6.61,5.08,164000,21.4,0,0
COW-129,73,38.9,7.25,8.0,1388537,13.2,1,1
COW-141,12,40.23,7.15,6.41,231597,16.5,1,1
COW-125,268,39.5,7.11,6.78,725455,8.9,0,1
COW-149,172,38.14,6.42,4.86,192804,22.4,0,0
COW-148,277,38.36,6.5,4.18,153200,21.8,0,0
COW-149,199,39.94,7.15,7.81,782840,12.9,0,1
COW-146,285,38.29,6.64,5.5,147507,20.3,0,0
COW-107,98,38.61,6.3,5.13,147749,17.8,0,0
COW-121,268,38.49,6.74,5.48,163852,20.6,0,0
COW-139,170,40.06,7.39,8.91,446864,10.2,1,1
COW-109,55,38.09,6.51,5.2,142465,25.7,0,0
COW-131,285,39.53,7.22,8.02,843875,8.5,1,1
COW-108,39,39.17,7.46,6.4,644417,13.5,1,1
COW-101,25,38.45,6.53,5.06,84858,24.8,0,0
COW-136,295,38.14,6.65,4.86,98664,21.7,0,0
COW-128,247,38.17,6.68,5.44,123503,22.1,0,0
COW-148,127,38.32,6.59,5.09,90066,22.1,0,0
COW-135,108,39.88,7.18,7.59,1398576,10.2,0,1
COW-128,246,39.81,7.27,7.38,318203,16.5,1,1
COW-134,288,39.58,7.06,8.35,458118,10.3,0,1
COW-141,188,39.82,7.33,7.33,284860,14.2,1,1
COW-113,4,39.58,7.3,7.72,322621,9.7,1,1
COW-133,201,39.98,7.32,6.4,878073,11.2,1,1
COW-111,198,38.15,6.65,5.01,51656,26.0,0,0
COW-135,207,38.5,6.39,4.76,83158,21.9,0,0
COW-122,215,40.3,7.01,6.65,1067257,13.3,1,1
COW-124,261,38.19,6.57,5.36,181383,25.9,0,0
COW-138,182,38.75,6.73,4.87,107654,23.6,0,0
COW-146,49,38.52,6.58,4.74,156798,26.6,0,0
COW-132,261,40.39,7.25,8.3,746074,12.5,0,1
COW-122,257,38.26,6.65,5.71,152160,19.7,0,0
COW-144,225,38.48,6.72,5.26,83410,17.5,0,0
COW-122,70,38.52,6.65,4.44,98077,19.8,0,0
COW-103,146,39.96,7.27,8.35,433176,10.4,0,1
COW-101,59,40.23,7.25,6.4,501727,13.3,1,1
COW-127,243,39.59,7.32,8.17,230723,15.3,1,1
COW-125,69,38.08,6.5,4.78,59911,26.6,0,0
COW-104,1,38.22,6.68,5.66,153592,14.0,0,0
COW-128,78,39.35,7.07,8.47,585436,12.7,0,1
COW-126,285,38.74,6.69,4.81,51137,25.6,0,0
COW-141,79,39.46,6.88,6.65,1135535,15.4,1,1
COW-128,152,38.8,6.57,5.12,148024,29.9,0,0
COW-145,12,38.09,6.79,5.23,192271,22.2,0,0
COW-129,25,39.81,7.65,8.96,1140457,9.2,1,1
COW-108,173,38.39,6.62,4.6,125764,21.2,0,0
COW-105,271,39.96,7.39,7.26,760869,12.5,0,1
COW-116,75,38.78,6.5,5.91,163292,25.6,0,0
COW-142,229,38.13,6.41,5.4,70416,23.0,0,0
COW-124,20,38.22,6.43,5.36,50214,18.2,0,0
COW-124,150,38.63,6.49,5.66,65356,18.6,0,0
COW-122,17,40.16,7.38,8.58,684631,8.6,1,1
COW-125,152,39.17,7.05,7.03,697863,14.0,1,1
COW-129,25,40.65,6.99,7.12,771910,11.2,1,1
COW-125,7,40.15,6.88,6.88,437173,14.8,0,1
COW-114,126,38.51,6.52,5.78,101994,21.9,0,0
COW-144,155,38.68,6.74,4.93,173799,20.8,0,0
COW-131,51,38.58,6.6,4.75,194249,30.9,0,0
COW-131,267,39.79,7.39,7.94,1375258,9.4,0,1
COW-149,7,40.09,7.44,7.63,1314740,10.7,1,1
COW-134,134,40.02,7.14,8.58,345332,7.6,1,1
COW-116,157,38.33,6.69,4.73,123195,20.9,0,0
COW-106,161,38.39,6.62,5.52,89309,14.3,0,0
COW-145,214,38.31,6.52,4.87,119151,18.0,0,0
COW-147,61,39.52,7.28,8.31,421146,6.1,1,1
COW-120,237,39.17,7.28,8.01,1344902,13.7,1,1
COW-148,86,38.64,6.84,4.59,107500,20.5,0,0
COW-102,114,38.26,6.73,5.16,112988,26.2,0,0
COW-139,65,39.77,7.26,6.92,419611,13.0,1,1
COW-112,108,39.69,7.17,8.95,615156,10.2,1,1
COW-145,284,39.73,7.06,6.76,295632,9.1,1,1
COW-128,17,39.9,7.15,9.25,746665,11.6,1,1
COW-107,34,38.8,6.55,5.08,126801,23.3,0,0
COW-109,46,40.32,6.94,6.4,1124170,14.6,1,1
COW-104,236,38.4,6.59,5.1,160023,18.8,0,0
COW-142,85,40.28,7.05,7.91,947614,9.3,1,1
COW-101,239,38.42,6.77,5.31,154158,16.1,0,0
COW-112,7,38.67,6.65,5.28,67183,17.4,0,0
COW-114,122,38.19,6.79,5.03,187957,21.1,0,0
COW-141,90,38.77,6.56,5.27,157575,20.6,0,0
COW-104,17,38.5,6.63,5.3,144033,22.5,0,0
COW-125,278,39.14,7.38,7.43,890557,12.6,0,1
COW-139,139,38.1,6.45,5.32,97168,22.3,0,0
COW-149,156,38.29,6.47,5.89,186987,18.3,0,0
COW-132,165,40.04,7.44,8.14,1117272,8.0,0,1
COW-132,164,39.31,7.02,7.83,1293718,7.3,0,1
COW-121,133,38.26,6.58,5.05,60597,27.7,0,0
COW-111,173,38.01,6.57,5.24,163155,22.9,0,0
COW-114,168,40.18,7.01,7.33,862865,11.6,0,1
COW-135,127,38.66,6.76,5.59,141983,17.5,0,0
COW-124,98,40.63,7.17,7.86,780628,9.1,1,1
COW-111,175,39.91,7.36,6.64,434481,8.8,0,1
COW-102,259,38.43,6.41,5.14,153330,24.1,0,0
COW-124,229,38.01,6.57,5.24,123789,19.6,0,0
COW-141,104,38.43,6.73,4.54,147364,22.7,0,0
COW-122,257,38.22,6.47,4.62,63431,26.0,0,0
COW-109,14,38.54,6.58,5.78,119729,17.3,0,0
COW-149,147,40.29,7.09,8.5,951877,10.4,1,1
COW-103,161,38.54,6.77,5.66,168433,18.2,0,0
COW-119,179,38.46,6.51,5.69,155423,22.7,0,0
COW-149,273,40.15,7.3,7.51,904199,16.5,1,1
COW-149,255,38.12,6.8,5.07,82680,15.7,0,0
COW-128,134,38.23,6.59,4.3,152036,17.6,0,0
COW-102,107,40.28,7.09,7.38,984991,9.9,1,1
COW-108,5,39.9,6.99,8.98,384551,12.9,1,1
COW-124,47,38.27,6.48,5.63,147733,22.0,0,0
COW-114,170,38.48,6.63,4.71,87634,22.2,0,0
COW-120,29,39.7,6.91,8.6,637098,12.5,0,1
COW-140,292,38.36,6.53,4.84,140087,21.3,0,0
COW-137,193,39.52,7.44,7.35,815472,10.5,0,1
COW-146,74,40.67,7.26,7.87,485690,16.3,0,1
COW-135,218,38.4,6.34,4.85,186945,16.5,0,0
COW-110,11,39.33,6.88,7.97,729532,12.0,0,1
COW-113,255,40.23,7.26,7.15,314064,9.6,1,1
COW-149,178,38.66,6.48,5.13,76334,23.5,0,0
COW-135,227,39.62,7.45,6.4,460714,7.4,0,1
COW-126,42,39.48,7.26,8.76,478151,12.6,0,1
COW-128,130,38.58,6.5,4.19,135642,22.6,0,0
COW-119,78,37.98,6.45,5.26,53421,17.6,0,0
COW-109,14,40.54,7.14,8.21,1123073,10.3,1,1
COW-124,61,38.53,6.71,5.06,73591,22.0,0,0
COW-107,287,38.67,6.6,5.27,59788,19.8,0,0
COW-142,72,40.12,7.41,9.03,484772,9.3,1,1
COW-112,201,40.29,7.45,7.57,824886,12.5,1,1
COW-118,293,39.3,7.19,7.8,1131139,12.0,1,1
COW-115,165,38.39,6.43,5.1,50196,21.5,0,0
COW-128,23,40.61,7.02,10.53,1137719,14.5,1,1
COW-149,192,39.13,7.03,9.69,586078,12.2,0,1
COW-104,232,39.14,7.03,8.55,1239952,11.8,1,1
COW-137,223,39.71,7.04,6.64,1351469,13.6,1,1
COW-138,75,39.3,6.92,6.48,973976,14.7,1,1
COW-128,206,40.31,7.38,9.48,291869,12.0,0,1
COW-110,296,38.9,7.18,9.59,716469,13.3,1,1
COW-145,20,39.95,7.29,6.58,685486,14.1,1,1
COW-101,39,38.19,6.59,4.79,171655,19.3,0,0
COW-114,141,39.22,7.15,7.68,410508,15.1,1,1
COW-133,296,38.22,6.47,5.09,190748,15.1,0,0
COW-134,117,38.45,6.6,5.15,145230,17.8,0,0
COW-126,222,38.35,6.55,5.45,154900,28.3,0,0
COW-115,5,38.42,6.52,4.83,192266,19.4,0,0
COW-126,146,38.0,6.7,4.79,175682,20.4,0,0
COW-148,294,38.42,6.45,4.95,136861,20.4,0,0
COW-140,158,38.48,6.59,6.2,77338,24.9,0,0
COW-144,197,39.05,6.88,8.36,460171,9.9,1,1
COW-129,254,38.6,6.49,5.15,112751,20.0,0,0
COW-121,114,39.04,7.15,7.14,1092706,14.9,1,1
COW-101,39,38.2,6.64,5.05,101783,24.0,0,0
COW-103,32,38.24,6.56,5.06,171771,26.5,0,0
COW-149,261,38.3,6.32,5.72,180781,23.6,0,0
COW-137,241,39.77,7.41,7.05,1361023,13.0,1,1
COW-144,262,38.38,6.5,5.45,85075,21.7,0,0
COW-128,249,40.71,7.4,9.01,534818,15.7,0,1
COW-105,29,39.83,6.95,7.53,750934,10.1,1,1
COW-118,270,39.86,7.25,6.85,616263,14.2,1,1
COW-106,178,39.94,7.08,8.32,1360746,15.7,0,1
COW-127,289,39.21,7.21,7.43,787061,14.8,1,1
COW-133,275,38.23,6.55,6.2,94109,26.8,0,0
COW-135,40,39.81,7.24,7.65,476754,9.8,1,1
COW-128,137,39.19,7.49,8.5,592447,9.6,1,1
COW-117,43,38.65,6.51,5.63,167010,16.7,0,0
COW-124,266,39.48,7.44,7.51,730751,11.5,0,1
COW-139,142,39.17,7.55,8.86,808033,14.4,0,1
COW-149,151,40.36,7.06,7.91,486432,14.8,1,1
COW-122,15,39.39,7.16,7.46,593419,10.2,0,1
COW-139,234,39.6,7.13,9.96,722097,8.8,1,1
COW-137,285,39.36,6.88,6.9,394591,11.5,0,1
COW-129,42,38.52,6.69,5.38,167025,19.6,0,0
COW-124,176,39.96,6.88,7.68,820572,9.0,1,1
COW-136,89,39.38,6.97,7.93,934958,13.9,1,1
COW-126,218,38.29,6.65,5.11,186837,19.0,0,0
COW-113,260,39.98,7.06,7.52,1175775,10.5,0,1
COW-128,6,38.8,6.71,4.94,144924,17.5,0,0
COW-121,226,39.94,6.99,7.16,354480,8.2,1,1
COW-117,275,40.77,7.28,7.01,431413,15.1,1,1
COW-148,184,38.37,6.7,5.24,86318,27.5,0,0
COW-123,101,38.8,6.59,5.03,179644,18.3,0,0
COW-129,281,38.73,6.66,5.38,172329,19.6,0,0
COW-105,187,38.99,7.11,7.84,906843,10.2,0,1
COW-127,28,38.46,6.62,4.97,187885,16.6,0,0
COW-104,247,38.8,6.46,4.47,118148,20.6,0,0
COW-118,195,38.27,6.71,4.44,192273,20.1,0,0
COW-141,226,40.47,7.3,8.18,598466,11.0,0,1
COW-117,179,38.01,6.68,4.64,189927,21.6,0,0
COW-106,119,39.47,7.15,8.93,244791,12.4,1,1
COW-118,60,39.39,7.1,8.35,1299816,11.7,0,1
COW-137,231,38.35,6.43,5.5,86395,26.7,0,0
COW-123,22,38.48,6.64,5.09,113364,22.0,0,0
COW-113,150,38.35,6.56,5.32,79679,25.0,0,0
COW-136,289,38.15,6.83,5.68,122143,23.6,0,0
COW-125,112,38.34,6.5,6.13,103024,17.7,0,0
COW-147,256,40.32,7.36,8.89,1264582,10.8,0,1
COW-127,300,37.91,6.63,5.37,57922,23.8,0,0
COW-122,213,38.64,6.57,5.58,151095,23.1,0,0
COW-103,169,39.85,7.2,9.56,471981,11.3,1,1
COW-132,155,39.18,7.04,8.15,1372219,9.0,1,1
COW-147,86,38.15,6.7,5.74,131791,21.8,0,0
COW-145,54,39.98,7.3,8.35,1244216,9.9,0,1
COW-146,134,38.8,6.39,5.22,98206,18.9,0,0
COW-105,145,38.13,6.76,4.39,77781,24.3,0,0
COW-140,4,39.31,7.34,9.81,1379877,13.7,1,1
COW-139,85,38.59,6.8,4.73,172824,17.3,0,0
COW-112,170,39.89,6.98,8.15,652681,12.2,0,1
COW-148,223,39.65,7.3,8.16,1077882,4.0,1,1
COW-134,93,38.49,6.6,5.22,85087,14.0,0,0
COW-110,12,39.71,7.56,7.99,279207,10.3,1,1
COW-108,95,38.46,6.51,4.92,91707,22.5,0,0
COW-109,67,38.25,6.83,4.88,55645,20.3,0,0
COW-103,157,38.47,6.51,5.51,132903,19.3,0,0
COW-138,267,38.42,6.59,5.45,124509,20.8,0,0
COW-137,101,38.72,6.7,5.63,61376,22.1,0,0
COW-140,226,39.21,7.31,8.59,855268,15.6,0,1
COW-131,211,38.53,6.51,4.0,107860,20.3,0,0
COW-135,202,38.65,6.57,4.65,133683,25.6,0,0
COW-133,49,38.56,6.65,4.7,52232,14.0,0,0
COW-126,55,39.85,7.11,8.52,337504,14.6,1,1
COW-116,55,39.51,7.28,7.02,675540,10.1,0,1
COW-117,13,39.08,7.11,8.49,1038185,12.1,0,1
COW-123,182,39.65,7.11,8.73,1018150,9.3,0,1
COW-109,249,38.8,6.67,4.84,100053,23.5,0,0
COW-105,219,40.56,7.15,6.7,638661,8.6,0,1
COW-108,180,38.22,6.66,5.72,184298,27.0,0,0
COW-130,291,38.12,6.66,4.5,137527,18.9,0,0
COW-108,53,38.26,6.46,5.25,122588,22.5,0,0
COW-133,153,38.8,6.65,4.75,73640,24.1,0,0
COW-122,293,39.87,7.21,6.4,732747,16.0,1,1
COW-136,236,39.65,7.34,8.7,855100,12.2,1,1
COW-126,236,38.28,6.85,5.19,56151,22.5,0,0
COW-137,10,38.32,6.46,4.35,103786,16.7,0,0
COW-123,159,39.18,7.25,8.17,549230,12.4,1,1
COW-122,267,38.29,6.71,5.58,156993,19.6,0,0
COW-133,54,38.38,6.6,5.18,193743,22.9,0,0
COW-125,164,40.6,7.27,7.27,524567,14.9,1,1
COW-119,210,38.29,6.32,5.8,140429,17.5,0,0
COW-144,182,38.38,6.59,5.62,86379,21.1,0,0
COW-120,184,38.16,6.58,5.75,114913,23.3,0,0
COW-112,214,38.49,6.73,5.57,108522,19.5,0,0
COW-138,133,39.46,7.13,9.08,505158,13.4,1,1
COW-145,177,39.27,7.51,6.59,1373399,15.5,1,1
COW-121,190,40.48,7.01,7.7,925413,15.4,1,1
COW-146,101,38.25,6.45,5.19,111296,20.3,0,0
COW-132,118,38.18,6.63,4.56,94919,18.8,0,0
COW-124,154,38.21,6.62,5.09,158379,22.2,0,0
COW-139,7,39.95,7.13,8.85,1313751,11.6,1,1
COW-127,224,40.79,7.63,6.4,608668,13.8,1,1
COW-140,1,38.62,6.51,5.18,136066,22.6,0,0
COW-136,240,38.19,6.65,5.16,116651,17.6,0,0
COW-126,115,39.99,7.15,7.4,611964,12.4,0,1
COW-116,15,38.56,6.85,4.93,140607,18.6,0,0
COW-130,293,38.9,6.88,8.56,1183653,6.3,1,1
COW-125,220,38.66,6.71,4.26,71981,25.4,0,0
COW-146,229,39.72,7.18,7.65,612621,9.3,0,1
COW-148,173,39.32,7.28,7.0,399057,12.7,1,1
COW-101,38,38.16,6.85,5.28,74262,16.2,0,0
COW-102,120,39.85,7.32,7.73,1292415,14.2,1,1
COW-101,237,39.95,7.28,6.73,1161638,11.0,1,1
COW-104,104,38.68,6.63,5.54,110658,18.3,0,0
COW-117,29,38.1,6.57,4.05,76008,19.9,0,0
COW-104,195,39.65,7.47,8.08,887191,4.8,0,1
COW-130,287,39.68,7.18,7.71,779684,15.1,1,1
COW-144,31,38.33,6.6,4.34,167577,23.0,0,0
COW-144,216,39.98,7.13,9.43,630701,7.9,1,1
COW-141,285,38.47,6.7,4.74,175584,17.6,0,0
COW-129,229,38.21,6.3,5.0,119069,14.0,0,0
COW-103,89,38.39,6.46,5.48,78310,20.4,0,0
COW-145,295,38.94,7.12,7.16,1161410,14.3,0,1
COW-111,115,38.92,7.03,7.36,255817,11.2,1,1
COW-110,160,38.46,6.83,5.88,189291,19.7,0,0
COW-109,295,40.05,7.44,7.71,629412,10.4,1,1
COW-135,288,38.91,7.12,7.48,238913,13.6,1,1
COW-108,257,38.4,6.71,4.9,122340,24.1,0,0
COW-139,28,38.41,6.64,4.61,155685,21.6,0,0
COW-136,115,38.8,6.65,5.14,94483,14.0,0,0
COW-145,282,38.43,6.55,5.47,125612,23.9,0,0
COW-136,249,39.82,7.13,8.16,1320429,12.3,1,1
COW-124,78,38.07,6.59,5.78,181645,17.3,0,0
COW-120,250,40.4,6.97,7.19,301130,5.7,1,1
COW-112,235,39.38,7.4,8.33,300284,13.4,1,1
COW-128,258,39.34,7.38,7.38,589144,12.8,1,1
COW-109,288,39.51,7.32,6.84,1274099,13.4,1,1
COW-116,98,39.64,7.14,8.29,287722,13.0,1,1
COW-146,134,39.98,6.92,7.54,418264,10.2,1,1
COW-124,205,38.29,6.61,5.6,116409,25.7,0,0
COW-106,147,39.81,7.1,7.72,267594,12.8,0,1
COW-118,30,38.23,6.63,5.11,92123,20.3,0,0
COW-139,166,38.52,6.67,4.52,183035,19.1,0,0
COW-107,198,38.24,6.46,5.35,76990,16.5,0,0
COW-145,37,40.41,7.09,8.21,324522,8.8,1,1
COW-107,247,39.58,7.26,8.35,1339076,14.0,0,1
COW-145,239,39.35,7.09,7.86,899285,9.9,1,1
COW-120,229,38.73,6.85,4.8,98168,20.8,0,0
COW-112,239,38.99,7.38,6.4,712254,9.1,1,1
COW-101,17,40.21,7.27,6.85,773900,11.6,1,1
COW-144,40,38.32,6.62,4.91,171195,23.3,0,0
COW-101,47,39.51,6.88,7.22,908065,4.0,1,1
COW-110,242,39.77,7.43,7.87,779833,9.6,1,1
COW-107,63,38.1,6.63,5.63,121958,24.3,0,0
COW-102,196,39.56,7.3,8.39,544106,14.5,0,1
COW-143,104,39.79,7.24,7.1,372304,9.2,0,1
COW-103,95,38.54,6.75,4.33,83094,22.2,0,0
COW-143,202,38.35,6.68,5.07,93471,19.7,0,0
COW-130,110,38.12,6.54,5.24,100246,22.2,0,0
COW-132,23,37.8,6.39,5.31,187328,21.9,0,0
COW-148,86,38.95,6.88,7.28,1267161,15.7,0,1
COW-145,20,39.62,7.29,7.72,260629,13.5,1,1
COW-145,55,38.65,6.85,5.43,79773,16.3,0,0
COW-105,215,39.05,7.18,6.46,1166171,13.1,1,1
COW-116,92,39.77,7.31,7.23,1258209,7.8,1,1
COW-143,140,39.59,6.88,6.4,941383,13.7,0,1
COW-119,40,39.7,7.46,8.8,377858,8.9,0,1
COW-120,106,37.82,6.64,5.33,112643,18.7,0,0
COW-117,59,39.33,7.14,9.08,1330775,9.4,1,1
COW-111,51,38.58,6.5,5.38,163564,18.0,0,0
COW-120,296,38.26,6.55,5.38,100075,20.0,0,0
COW-102,259,38.35,6.66,5.89,186695,17.8,0,0
COW-132,273,38.28,6.54,5.25,128952,15.7,0,0
COW-112,291,39.39,7.33,7.5,488428,12.8,1,1
COW-108,195,40.69,7.23,7.9,799403,15.9,0,1
COW-113,29,39.06,7.36,9.21,1243888,10.3,1,1
COW-123,239,39.71,6.99,6.67,849322,11.0,0,1
COW-127,137,38.6,6.6,5.09,88937,18.8,0,0
COW-104,241,39.96,7.27,7.77,1243131,12.2,1,1
COW-124,1,38.79,6.75,4.97,146142,15.6,0,0
COW-134,286,38.34,6.55,4.98,185274,19.4,0,0
COW-141,249,38.55,6.38,5.25,191710,23.7,0,0
COW-150,148,39.29,7.24,8.25,1255744,8.0,0,1
COW-135,177,38.44,6.5,5.32,136662,20.2,0,0
COW-144,42,40.14,7.02,8.0,571474,11.3,1,1
COW-137,123,38.58,6.66,5.76,72805,17.9,0,0
COW-133,4,38.29,6.66,4.67,128169,18.9,0,0
COW-146,52,39.51,7.3,6.4,623642,11.5,1,1
COW-140,132,38.55,6.6,4.99,135471,21.5,0,0
COW-149,111,38.8,6.58,5.15,134113,21.2,0,0
COW-136,61,38.8,6.5,5.55,78554,17.5,0,0
COW-150,81,39.32,7.53,8.13,1198888,14.4,1,1
COW-113,25,39.68,7.17,7.19,705114,11.4,1,1
COW-148,97,38.8,6.73,5.06,175083,18.7,0,0
COW-104,184,37.99,6.69,5.27,57247,22.4,0,0
COW-119,11,39.96,7.42,8.09,812296,11.7,0,1
COW-141,62,38.8,6.62,4.01,68541,21.2,0,0
COW-130,111,38.29,6.79,5.57,168484,14.0,0,0
COW-105,270,38.47,6.49,5.14,103546,22.9,0,0
COW-147,34,38.8,6.58,4.66,164926,22.4,0,0
COW-105,222,39.4,7.08,6.4,404507,8.9,1,1
COW-107,154,37.91,6.5,4.85,54230,20.8,0,0
COW-124,274,38.14,6.37,4.36,56512,19.7,0,0
COW-138,259,39.52,7.09,9.22,894015,7.5,0,1
COW-119,216,38.67,6.56,5.71,165519,17.4,0,0
COW-106,291,37.95,6.38,5.66,169988,19.3,0,0
COW-139,23,38.25,6.61,5.58,100474,18.7,0,0
COW-148,285,39.87,7.25,8.66,979811,13.7,0,1
COW-125,39,39.7,7.43,8.78,525375,14.1,1,1
COW-117,39,39.69,7.25,7.83,982761,9.0,0,1
COW-112,9,39.75,7.45,7.88,1316696,13.7,0,1
COW-149,289,38.42,6.5,5.03,75992,16.8,0,0
COW-121,272,39.55,7.26,7.97,559263,11.8,0,1
COW-128,216,38.49,6.51,5.6,112162,17.0,0,0
COW-132,137,38.37,6.75,5.06,88472,21.4,0,0
COW-129,188,39.38,7.25,7.12,1037646,12.4,0,1
COW-123,96,40.05,7.29,8.86,955736,13.2,1,1
COW-115,112,39.79,7.27,8.86,604881,11.4,1,1
COW-107,231,38.57,6.49,4.8,57492,18.4,0,0
COW-133,111,38.39,6.78,4.94,78854,23.6,0,0
COW-150,172,39.13,7.23,7.57,624772,14.8,1,1
COW-127,68,38.78,6.54,4.59,82024,17.7,0,0
COW-107,199,39.97,7.2,7.17,900257,11.8,1,1
COW-124,45,39.27,7.31,6.96,593947,11.4,1,1
COW-123,45,39.62,7.05,7.51,1050757,13.2,1,1
COW-132,137,40.25,7.23,8.26,1355229,11.0,1,1
COW-131,84,38.8,6.58,5.44,178034,19.4,0,0
COW-150,179,38.38,6.5,5.15,113461,22.2,0,0
COW-111,200,39.57,7.46,8.21,378631,11.0,0,1
COW-135,148,38.46,6.43,5.65,163645,26.0,0,0
COW-118,38,38.65,6.61,5.0,149389,20.2,0,0
COW-116,53,39.27,7.8,7.58,1297611,8.8,1,1
COW-114,51,38.54,6.58,5.19,152620,20.5,0,0
COW-105,75,38.4,6.64,5.08,63350,17.3,0,0
COW-133,148,38.11,6.64,5.42,135200,23.3,0,0
COW-102,111,39.83,7.12,8.96,1360713,10.5,0,1
COW-139,225,38.17,6.74,4.81,156494,24.2,0,0
COW-137,118,38.31,6.63,5.1,82788,21.9,0,0
COW-103,288,39.73,7.41,8.1,316108,14.0,1,1
COW-136,61,39.39,7.19,7.78,507914,11.2,1,1
COW-117,253,38.19,6.69,4.69,101769,14.0,0,0
COW-114,235,38.11,6.66,4.79,89832,18.4,0,0
COW-149,293,40.46,7.26,6.68,402335,11.8,1,1
COW-144,2,40.14,7.3,8.89,373817,14.3,1,1
COW-109,48,38.47,6.61,5.14,146657,29.0,0,0
COW-139,98,39.34,7.35,9.3,665098,12.1,1,1
COW-141,216,38.9,7.14,7.89,630430,7.8,1,1
COW-149,117,40.37,7.3,8.26,945782,9.1,0,1
COW-108,31,40.35,7.31,9.24,816992,10.4,0,1
COW-130,36,38.51,6.57,4.87,150575,25.4,0,0
COW-135,299,38.33,6.51,4.91,156241,21.9,0,0
COW-122,263,40.07,7.11,8.55,1112612,14.4,0,1
COW-123,181,39.6,7.36,8.13,228677,13.9,0,1
COW-105,12,40.06,7.35,7.78,891780,13.3,0,1
COW-142,111,37.91,6.61,5.34,90959,20.7,0,0
COW-123,239,38.3,6.72,5.51,194022,23.5,0,0
COW-105,293,40.27,7.26,6.55,861669,8.7,1,1
COW-149,226,40.4,6.88,8.9,900323,16.5,1,1
COW-101,134,38.11,6.44,5.26,90959,18.8,0,0
COW-140,217,39.5,7.05,7.38,579786,14.8,0,1
COW-102,138,38.36,6.55,5.29,141484,16.1,0,0
COW-129,165,39.05,7.14,7.15,937689,8.1,0,1
COW-101,26,40.08,7.56,6.4,1125962,13.8,1,1
COW-137,34,40.13,7.4,6.4,1112307,12.6,1,1
COW-114,133,38.63,6.57,5.24,64699,23.4,0,0
COW-135,128,38.23,6.85,5.29,88773,14.2,0,0
COW-136,160,39.2,7.16,6.9,1232821,11.7,1,1
COW-114,212,38.53,6.54,5.58,64762,15.9,0,0
COW-135,177,38.32,6.71,5.0,79382,26.9,0,0
COW-126,13,38.24,6.68,4.79,183145,18.3,0,0
COW-143,131,38.08,6.54,5.85,85093,16.4,0,0
COW-140,104,38.69,6.53,5.08,53653,20.6,0,0
COW-133,171,38.1,6.5,5.27,158886,21.4,0,0
COW-144,250,38.45,6.63,5.58,118702,16.2,0,0
COW-145,152,38.06,6.56,5.93,60006,17.9,0,0
COW-109,148,39.73,7.33,8.45,815313,14.0,0,1
COW-118,200,38.49,6.62,5.52,58205,21.2,0,0
COW-102,175,38.44,6.43,5.47,182610,19.6,0,0
COW-137,77,39.57,7.55,7.19,1047847,11.7,1,1
COW-136,260,38.06,6.55,4.0,107711,18.5,0,0
COW-125,8,39.88,7.37,8.32,664844,16.5,0,1
COW-124,247,40.04,7.02,8.23,931791,12.6,1,1
COW-148,283,38.46,6.46,5.22,108656,19.8,0,0
COW-149,251,38.57,6.58,5.43,52191,19.2,0,0
COW-112,236,38.11,6.67,4.43,128950,19.8,0,0
COW-130,98,39.47,7.25,7.25,902679,8.4,1,1
COW-128,112,38.59,6.45,4.64,173979,20.5,0,0
COW-137,294,38.18,6.53,4.87,106284,27.5,0,0
COW-128,243,37.88,6.64,5.38,109365,25.6,0,0
COW-106,89,38.37,6.39,5.54,174945,22.6,0,0
COW-149,130,38.11,6.78,5.33,129585,20.7,0,0
COW-107,9,40.52,7.17,8.71,329090,6.2,0,1
COW-146,97,39.64,7.12,7.54,699572,9.9,1,1
COW-131,131,39.72,7.23,8.07,416098,12.8,1,1
COW-142,157,38.28,6.43,4.43,129232,22.7,0,0
COW-112,34,40.67,7.07,7.72,227297,9.0,1,1
COW-132,264,38.21,6.67,4.95,124921,24.7,0,0
COW-137,294,38.2,6.54,5.74,160346,20.6,0,0
COW-135,222,39.9,7.26,8.75,322314,5.6,1,1
COW-121,143,39.68,7.41,6.4,251986,16.5,0,1
COW-127,202,38.24,6.54,4.95,91682,19.3,0,0
COW-122,161,39.34,7.21,7.8,779506,13.2,0,1
COW-141,159,38.62,6.56,5.23,176355,26.4,0,0
COW-142,14,38.78,6.63,5.95,172966,20.5,0,0
COW-126,237,40.3,7.19,7.99,1263525,12.9,0,1
COW-106,137,38.3,6.61,6.15,186414,20.8,0,0
COW-129,180,38.18,6.55,4.67,138451,17.0,0,0
COW-112,128,39.75,7.2,8.27,1338270,15.0,0,1
COW-147,205,38.4,6.55,4.81,148545,23.9,0,0
COW-135,102,39.98,7.27,7.71,1385986,13.2,0,1
COW-133,265,38.34,6.3,5.13,152852,23.5,0,0
COW-101,196,38.24,6.48,5.44,130143,27.4,0,0
COW-102,39,37.8,6.71,5.77,120191,23.1,0,0
COW-135,227,38.5,6.45,4.4,103900,15.4,0,0
COW-121,293,38.68,6.65,5.53,90289,20.4,0,0
COW-120,125,38.58,6.62,5.47,131501,25.2,0,0
COW-103,296,39.85,7.35,6.96,563235,13.6,0,1
COW-132,246,39.59,7.34,8.71,676923,8.0,1,1
COW-117,131,39.81,7.11,8.68,317435,15.9,1,1
COW-147,281,40.69,7.09,8.09,1091484,10.8,0,1
COW-150,192,39.67,7.52,7.01,903590,8.0,0,1
COW-139,203,38.23,6.57,5.65,50002,26.4,0,0
COW-141,78,38.8,6.61,5.56,63833,23.7,0,0
COW-101,113,39.23,7.07,8.12,1066369,13.0,0,1
COW-121,224,40.88,7.15,8.33,1213114,12.5,1,1
COW-143,154,39.42,7.26,7.78,284440,12.9,0,1
COW-129,47,38.57,6.63,5.58,159810,16.1,0,0
COW-111,223,38.09,6.6,5.07,161813,21.9,0,0
COW-138,243,38.08,6.78,4.35,101179,19.5,0,0
COW-131,274,40.51,7.28,7.47,1353681,14.7,0,1
COW-136,250,40.23,7.15,8.85,1274842,14.2,1,1
COW-112,103,40.77,7.23,7.03,388521,8.8,1,1
COW-116,188,39.88,7.08,8.01,1346506,7.8,1,1
COW-126,57,39.84,7.15,6.82,1380780,11.7,0,1
COW-116,40,39.91,6.88,9.71,468944,14.2,1,1
COW-110,61,39.38,7.2,8.12,447358,10.2,0,1
COW-121,145,38.65,6.57,5.67,191258,18.1,0,0
COW-133,33,39.47,7.21,8.53,1054992,12.6,1,1
COW-125,106,38.2,6.57,5.49,179070,14.0,0,0
COW-116,269,40.16,7.15,8.95,705150,11.2,0,1
COW-137,42,38.8,6.57,4.98,101192,22.7,0,0
COW-119,210,39.56,7.44,6.63,577799,11.2,0,1
COW-142,95,38.72,6.81,5.21,60318,22.8,0,0
COW-122,72,38.21,6.57,5.38,85758,20.8,0,0
COW-134,149,39.68,7.53,6.4,654535,12.6,1,1
COW-109,133,38.68,6.76,5.01,71359,18.8,0,0
COW-132,210,40.29,7.09,7.41,494773,16.3,1,1
COW-113,163,39.43,7.3,7.82,1385095,10.4,1,1
COW-129,75,40.25,7.24,7.32,1246050,10.4,1,1
COW-105,5,37.99,6.62,5.27,175468,25.2,0,0
COW-137,73,40.72,7.27,7.72,1366777,13.7,0,1
COW-102,95,38.57,6.38,5.44,134647,22.7,0,0
COW-122,222,38.65,6.57,5.04,189601,24.3,0,0
COW-142,3,39.43,7.09,7.22,1226914,11.2,0,1
COW-133,188,39.76,6.88,7.52,1381892,10.7,0,1
COW-137,63,38.51,6.56,4.76,187276,23.7,0,0
COW-106,76,38.48,6.65,5.08,137225,18.6,0,0
COW-103,226,38.3,6.35,4.56,142213,26.5,0,0
COW-126,204,39.77,7.35,8.52,600916,12.1,0,1
COW-123,189,37.81,6.75,5.17,109182,21.9,0,0
COW-134,201,39.29,7.36,6.4,295278,13.2,1,1
COW-133,193,40.08,7.54,7.36,965432,13.2,1,1
COW-139,89,39.66,6.88,8.67,1031568,11.9,1,1
COW-103,40,39.73,7.31,7.55,1370387,13.8,0,1
COW-109,133,38.43,6.77,4.94,191096,16.9,0,0
COW-145,98,38.93,7.23,6.85,1089038,13.8,0,1
COW-101,9,39.38,7.04,6.72,585174,10.5,0,1
COW-136,46,40.47,6.88,8.0,714815,13.3,1,1
COW-118,120,39.62,7.13,8.44,280375,13.0,1,1
COW-125,99,38.96,7.0,7.13,760322,4.0,1,1
COW-101,22,39.31,6.92,7.44,832122,11.8,1,1
COW-143,226,38.54,6.7,5.46,163153,18.4,0,0
COW-133,155,40.27,6.88,7.87,578832,13.3,0,1
COW-139,34,38.21,6.57,5.4,113309,18.4,0,0
COW-129,17,40.01,7.07,6.49,1057412,13.9,1,1
COW-136,59,40.13,6.95,7.52,1144532,6.7,0,1
COW-119,145,38.9,7.52,7.8,512205,16.3,1,1
COW-133,56,38.36,6.75,5.34,82201,22.4,0,0
COW-144,69,38.53,6.7,5.4,188072,18.1,0,0
COW-106,4,39.6,7.4,8.29,1204503,13.7,0,1
COW-144,292,38.64,6.52,4.3,161886,18.5,0,0
COW-115,88,40.62,7.16,6.78,374920,14.1,0,1
COW-112,291,40.28,7.34,8.12,1281114,13.4,1,1
COW-108,187,38.45,6.72,5.04,146053,21.4,0,0
COW-147,69,38.18,6.33,5.2,188900,19.5,0,0
COW-132,111,38.67,6.56,5.14,134335,14.0,0,0
COW-142,87,39.42,7.07,8.03,827396,12.2,1,1
COW-113,233,40.2,6.88,7.58,566822,11.0,1,1
COW-112,293,38.47,6.58,4.98,93925,25.8,0,0
COW-139,3,38.9,7.11,8.04,1276756,11.7,0,1
COW-147,227,39.82,7.2,7.84,236752,10.5,1,1
COW-123,1,37.8,6.4,5.59,180291,20.3,0,0
COW-140,59,40.62,7.45,8.7,501182,16.5,0,1
COW-144,252,38.72,6.53,4.82,167613,18.4,0,0
COW-113,280,40.5,6.88,7.36,677808,15.3,0,1
COW-103,288,37.8,6.42,5.49,151670,15.9,0,0
COW-120,282,38.7,6.56,4.97,98437,16.5,0,0
COW-149,161,39.54,6.97,7.4,1360539,8.5,0,1
COW-135,282,39.94,7.43,8.01,679266,11.2,1,1
COW-123,215,40.36,7.1,7.4,754333,12.8,0,1
COW-118,104,38.3,6.6,4.85,105731,21.0,0,0
COW-111,173,38.25,6.78,6.2,57516,22.1,0,0
COW-101,67,40.28,7.43,7.99,906431,10.1,1,1
COW-113,228,37.97,6.55,4.94,187817,23.5,0,0
COW-123,193,39.61,7.44,8.11,827897,10.8,1,1
COW-136,56,40.04,7.0,7.77,763188,15.9,1,1
COW-102,108,40.64,7.05,7.86,1329111,10.4,0,1
COW-114,153,40.47,7.06,6.4,744597,7.5,0,1
COW-115,109,38.58,6.63,5.28,75407,18.9,0,0
COW-115,233,38.41,6.63,5.14,55223,24.8,0,0
COW-132,82,39.99,7.3,8.73,548859,10.3,0,1
COW-150,82,39.44,7.0,8.32,1030937,12.9,0,1
COW-148,183,39.24,6.88,8.55,822343,11.0,1,1
COW-133,90,38.23,6.36,4.92,93107,19.1,0,0
COW-123,209,39.91,7.02,9.0,1046954,10.2,1,1
COW-108,92,38.2,6.47,5.1,192153,19.8,0,0
COW-127,118,38.26,6.78,6.08,111658,21.5,0,0
COW-148,238,38.04,6.3,5.51,183332,22.8,0,0
COW-103,68,40.68,7.46,8.24,542700,13.5,0,1
COW-139,25,38.26,6.54,5.88,123364,19.8,0,0
COW-147,37,40.24,7.37,7.31,1107122,13.1,1,1
COW-142,212,37.95,6.7,4.47,94072,19.7,0,0
COW-102,254,38.16,6.61,4.25,166001,25.7,0,0
COW-120,136,38.14,6.42,4.71,170760,21.7,0,0
COW-148,288,39.67,7.26,7.16,625065,6.9,0,1
COW-133,111,38.32,6.67,5.09,107686,17.0,0,0
COW-139,75,38.5,6.72,5.49,177003,22.9,0,0
COW-132,47,38.34,6.54,5.29,82523,19.2,0,0
COW-108,82,38.9,7.11,8.0,466735,13.3,0,1
COW-116,237,38.46,6.46,5.58,89740,16.9,0,0
COW-108,51,40.4,7.25,9.73,1124290,10.7,0,1
COW-137,186,39.74,6.93,7.33,1215699,10.2,1,1
COW-140,192,38.45,6.72,5.66,159368,20.3,0,0
COW-129,162,39.95,7.11,8.07,879877,8.7,1,1
COW-114,158,40.19,7.36,8.66,931830,16.4,1,1
COW-125,185,39.81,7.22,9.26,1394597,5.7,1,1
COW-111,181,40.34,7.33,6.91,476594,15.4,1,1
COW-123,84,38.15,6.85,6.2,145847,17.2,0,0
COW-110,191,39.84,7.36,7.92,681283,10.5,0,1
COW-141,227,39.5,7.08,6.91,893608,14.1,1,1
COW-108,7,39.38,6.96,8.28,1164162,13.7,1,1
COW-119,96,40.6,7.16,7.18,854297,14.4,1,1
COW-132,19,38.12,6.59,5.16,51206,14.5,0,0
COW-147,270,40.15,7.35,7.78,800562,11.0,1,1
COW-105,282,39.78,7.49,7.47,1000384,14.8,0,1
COW-125,67,38.11,6.58,5.25,190687,25.9,0,0
COW-122,251,39.32,7.04,7.58,767503,11.1,1,1
COW-105,11,40.43,7.13,7.13,1127492,11.6,0,1
COW-112,168,40.07,7.4,7.24,691980,14.2,0,1
COW-105,214,38.43,6.5,4.86,96642,14.0,0,0
COW-111,296,38.55,6.67,5.42,160056,21.7,0,0
COW-125,124,40.15,7.2,7.34,1380342,9.4,1,1
COW-136,16,39.19,7.09,8.27,1334755,16.5,0,1
COW-132,63,38.32,6.68,5.08,148616,21.8,0,0
COW-117,60,38.04,6.61,4.0,64865,15.0,0,0
COW-131,146,38.9,7.32,8.06,488168,15.5,0,1
COW-136,210,38.28,6.43,4.78,141681,17.7,0,0
COW-107,54,39.92,7.44,7.98,1026075,12.2,1,1
COW-147,262,39.41,7.3,9.46,454930,9.1,1,1
COW-130,25,38.1,6.69,5.45,152461,21.7,0,0
COW-141,143,38.5,6.58,5.14,105175,27.5,0,0
COW-116,266,39.71,7.53,7.98,698661,15.4,1,1
COW-112,10,38.38,6.44,5.18,69099,24.0,0,0
COW-103,257,38.22,6.58,5.48,134524,19.5,0,0
COW-124,286,38.53,6.57,5.14,191666,23.8,0,0
COW-119,94,37.8,6.41,5.38,163192,22.4,0,0
COW-135,233,39.75,7.45,8.25,1001535,11.9,1,1
COW-105,226,39.47,7.37,7.74,823091,9.7,1,1
COW-125,235,39.73,7.19,10.61,579299,13.3,0,1
COW-147,25,38.65,6.42,4.6,187956,18.5,0,0
COW-130,130,39.69,6.93,6.6,704663,13.2,1,1
COW-111,187,39.72,7.02,7.09,657749,9.5,1,1
COW-135,58,39.64,7.03,6.87,1173390,9.9,1,1
COW-126,158,39.78,7.08,8.06,1216940,10.1,1,1
COW-131,59,39.85,7.15,8.11,561879,14.5,1,1
COW-116,39,40.21,7.12,7.67,524006,8.8,1,1
COW-113,267,39.28,7.15,8.0,280956,16.5,1,1
COW-144,62,39.03,7.25,8.57,1142500,10.9,0,1
COW-127,160,39.32,7.31,7.56,1360614,7.3,0,1
COW-108,44,39.97,6.88,6.67,763219,7.9,1,1
COW-135,16,39.72,7.14,8.08,851940,11.6,0,1
COW-116,233,38.14,6.84,4.86,140240,16.5,0,0
COW-116,78,38.4,6.6,4.71,183544,22.1,0,0
COW-139,6,38.65,6.34,5.87,187236,16.3,0,0
COW-149,152,39.93,6.89,8.41,1042656,14.2,0,1
COW-147,192,37.95,6.5,5.24,71310,22.9,0,0
COW-133,129,40.25,6.92,8.24,1232272,8.5,1,1
COW-102,4,38.37,6.51,4.61,80026,22.6,0,0
COW-150,63,39.67,7.2,8.21,527802,12.8,1,1
COW-128,123,40.59,7.21,9.15,675819,9.2,1,1
COW-110,227,40.48,7.16,6.48,743258,11.2,0,1
COW-120,113,39.31,7.35,6.4,1177720,11.9,1,1
COW-115,121,38.2,6.66,5.28,73442,20.7,0,0
COW-107,149,39.81,6.94,6.4,437476,9.3,0,1
COW-111,165,38.17,6.46,4.8,153577,21.7,0,0
COW-137,47,39.17,7.14,7.51,1119030,12.8,1,1
COW-126,224,40.25,6.95,7.73,1327054,6.8,1,1
COW-123,12,40.42,7.0,8.03,792572,16.5,0,1
COW-132,176,39.25,7.2,7.61,1018709,14.1,0,1
COW-149,38,38.2,6.56,5.43,111281,17.3,0,0
COW-142,113,38.29,6.76,5.35,87513,27.2,0,0
COW-133,264,37.95,6.54,4.89,138927,15.2,0,0
COW-126,269,39.49,7.19,7.63,598777,11.1,1,1
COW-102,168,38.44,6.7,5.77,107013,17.4,0,0
COW-108,83,38.46,6.66,5.18,143737,17.8,0,0
COW-112,198,40.44,7.21,6.4,673729,15.8,1,1
COW-118,289,39.85,7.11,7.23,305745,9.6,0,1
COW-109,251,40.24,7.12,6.66,1176607,11.8,1,1
COW-113,39,39.04,7.49,8.35,776519,10.6,1,1
COW-125,56,38.29,6.43,4.64,85864,19.7,0,0
COW-110,26,39.84,6.88,7.74,232406,10.1,0,1
COW-150,178,40.02,7.12,8.2,1357149,5.2,1,1
COW-139,122,39.62,7.24,6.4,1004392,15.4,1,1
COW-150,81,38.42,6.44,4.49,59019,18.1,0,0
COW-128,66,38.31,6.6,5.17,140250,19.7,0,0
COW-115,113,38.06,6.65,5.64,155755,16.7,0,0
COW-135,273,38.32,6.59,5.01,164195,21.5,0,0
COW-144,251,38.31,6.75,4.77,60963,28.8,0,0
COW-147,81,39.51,7.37,8.29,923448,13.7,0,1
COW-132,35,37.96,6.65,5.06,93001,17.0,0,0
COW-128,76,40.01,7.39,7.97,1095997,13.7,0,1
COW-125,141,38.43,6.45,5.05,115287,20.3,0,0
COW-135,228,38.24,6.59,5.96,147542,22.5,0,0
COW-114,264,39.34,7.02,8.17,985446,12.2,0,1
COW-131,62,40.33,7.41,8.66,1350603,13.6,1,1
COW-127,194,38.8,6.65,5.47,112933,19.5,0,0
COW-113,14,40.01,7.16,8.9,553409,9.3,1,1
COW-126,268,39.29,7.34,8.12,908303,12.1,1,1
COW-103,300,38.32,6.39,4.9,145212,20.3,0,0
COW-150,111,38.09,6.75,6.01,129254,30.8,0,0
COW-148,278,39.94,7.55,7.72,553663,12.4,1,1
COW-138,153,39.65,7.36,8.35,1156937,4.0,0,1
COW-144,15,38.77,6.42,5.61,106906,19.5,0,0
COW-121,285,38.9,7.47,6.4,814877,9.4,1,1
COW-116,227,39.43,7.44,8.04,759128,12.9,1,1
COW-104,151,38.65,6.59,4.83,56365,15.8,0,0
COW-124,34,38.49,6.43,4.86,59526,22.2,0,0
COW-130,83,38.74,6.67,5.11,90962,14.0,0,0
COW-121,286,38.2,6.39,4.96,87686,18.6,0,0
COW-149,27,39.14,7.11,7.46,573917,14.2,1,1
COW-142,215,38.4,6.54,4.7,188849,15.6,0,0
COW-113,94,38.62,6.44,4.74,55448,22.1,0,0
COW-102,13,38.29,6.78,4.88,159366,16.4,0,0
COW-128,273,38.46,6.61,4.31,69470,19.5,0,0
COW-138,1,38.27,6.6,5.01,88320,18.2,0,0
COW-133,157,38.61,6.85,5.38,51763,23.5,0,0
COW-106,176,39.89,7.3,8.63,1064862,7.2,1,1
COW-119,104,38.37,6.46,5.34,191886,25.5,0,0
COW-137,209,40.23,7.36,8.11,545169,5.6,0,1
COW-130,158,40.26,7.27,7.66,1323765,8.6,1,1
COW-105,157,39.67,7.74,8.5,260565,11.1,0,1
COW-123,42,38.76,6.5,4.78,84071,15.6,0,0
COW-132,140,37.8,6.66,5.19,190193,17.8,0,0
COW-115,282,38.5,6.62,5.02,110820,19.9,0,0
COW-126,101,39.57,7.19,6.99,1271545,15.0,1,1
COW-139,266,40.1,7.02,6.9,1225417,10.3,1,1
COW-144,90,40.06,7.09,8.31,936643,13.1,1,1
COW-116,109,39.84,7.09,8.7,1372409,9.3,0,1
COW-124,8,38.03,6.58,5.19,51755,27.8,0,0
COW-150,215,40.67,7.14,8.54,245779,10.0,0,1
COW-123,78,38.55,6.56,5.65,158516,19.5,0,0
COW-129,53,38.39,6.51,5.92,103902,21.4,0,0
COW-130,219,39.8,7.01,6.66,613856,11.9,0,1
COW-134,216,38.9,6.98,8.29,1070139,14.4,0,1
COW-108,92,38.73,6.54,5.05,132583,23.7,0,0
COW-149,142,38.24,6.6,5.0,173022,23.7,0,0
COW-115,103,38.01,6.68,4.87,133853,15.8,0,0
COW-110,292,39.94,7.3,8.91,1036230,7.9,0,1
COW-122,223,39.36,7.3,8.59,575140,9.1,1,1
COW-142,202,39.23,7.17,8.64,377761,9.3,0,1
COW-129,154,38.45,6.64,4.61,72450,20.1,0,0
COW-125,73,38.28,6.46,5.16,189220,19.5,0,0
COW-108,149,38.73,6.63,5.69,120041,16.9,0,0
COW-104,81,39.65,7.41,8.41,266447,13.9,1,1
COW-133,63,38.43,6.69,4.12,61162,21.1,0,0
COW-148,5,38.15,6.45,5.33,116949,21.6,0,0
COW-140,288,37.9,6.62,5.46,93923,21.3,0,0
COW-116,141,38.26,6.62,5.01,143051,22.7,0,0
COW-120,171,40.06,7.35,9.22,738684,10.1,0,1
COW-147,18,38.62,6.34,5.4,112870,17.3,0,0
COW-135,289,37.96,6.5,4.81,190220,23.6,0,0
COW-132,277,38.31,6.71,5.1,135714,22.8,0,0
COW-128,99,39.92,6.99,7.66,901277,12.9,1,1
COW-117,226,39.6,6.89,8.44,791324,15.0,1,1
COW-116,41,39.26,7.5,6.83,604940,15.3,0,1
COW-127,227,39.37,7.07,7.19,377275,11.1,0,1
COW-133,64,40.06,7.19,9.06,1047295,14.2,1,1
COW-133,62,38.64,6.75,4.53,150716,15.1,0,0
COW-145,198,39.45,7.2,7.01,1133893,12.4,1,1
COW-141,264,40.06,7.31,7.88,552554,13.2,1,1
COW-150,105,40.42,7.2,8.42,278168,10.9,1,1
COW-103,194,38.74,6.49,5.02,161004,21.6,0,0
COW-133,38,39.27,7.11,6.4,505090,11.9,0,1
COW-101,29,40.79,7.45,7.76,1066858,9.7,0,1
COW-119,120,39.22,7.35,7.56,840791,13.6,1,1
COW-136,29,39.48,7.05,7.26,265313,8.5,1,1
COW-135,126,38.01,6.8,5.01,61055,19.3,0,0
COW-145,154,40.25,7.24,7.7,978477,6.4,0,1
COW-126,80,39.95,7.32,7.09,334100,12.3,0,1
COW-136,295,40.02,7.35,7.45,702835,15.1,1,1
COW-126,14,38.08,6.59,5.51,174198,24.3,0,0
COW-138,118,38.4,6.63,5.74,188880,23.6,0,0
COW-102,23,38.43,6.68,4.76,104219,17.8,0,0
COW-128,128,39.29,7.28,7.14,648817,10.4,0,1
COW-145,180,38.61,6.69,5.4,179421,18.3,0,0
COW-126,38,38.3,6.54,5.52,154176,27.3,0,0
COW-106,26,38.07,6.62,6.03,110402,24.3,0,0
COW-150,144,38.5,6.64,5.03,64774,19.2,0,0
COW-120,229,39.43,7.18,6.4,368816,12.4,1,1
COW-147,117,39.15,7.49,7.75,288980,16.5,1,1
COW-121,154,38.34,6.56,5.42,190438,16.0,0,0
COW-145,17,39.93,7.49,8.02,1269021,13.8,1,1
COW-125,11,38.3,6.58,5.15,91435,18.9,0,0
COW-119,262,39.13,7.29,7.58,1238849,10.3,0,1
COW-122,119,38.05,6.52,4.66,183172,29.7,0,0
COW-148,261,39.72,7.32,6.65,891664,14.1,1,1
COW-107,107,38.75,6.4,5.2,142889,19.4,0,0
COW-121,118,38.63,6.58,4.91,151665,22.2,0,0
COW-118,46,37.86,6.63,5.35,77566,17.3,0,0
COW-119,215,39.85,7.12,7.07,1018408,12.1,0,1
COW-148,297,38.56,6.49,5.79,66429,18.8,0,0
COW-117,138,38.13,6.5,4.74,166971,21.1,0,0
COW-101,40,39.22,7.12,6.63,461667,15.1,1,1
COW-134,3,38.52,6.54,5.27,91888,19.1,0,0
COW-128,269,39.76,7.0,7.23,327764,11.3,0,1
COW-130,162,37.98,6.65,5.88,58387,23.5,0,0
COW-138,251,40.37,7.3,7.5,1023913,13.6,0,1
COW-126,195,38.29,6.52,5.55,165006,21.6,0,0
COW-111,113,38.45,6.56,5.22,51311,14.9,0,0
COW-131,15,38.43,6.41,5.45,152206,21.8,0,0
COW-143,36,40.0,7.19,7.78,772897,14.2,1,1
COW-101,26,38.52,6.78,5.09,131937,15.7,0,0
