Cow_ID,Milk_pH,Milk_Temperature,Milk_Conductivity,Somatic_Cell_Count,Milk_Yield,Day,class1,data_source
COW-128,7.37,39.9,8.17,744761,10.0,261,1,Kaggle Cow Mastitis (From milk)
COW-117,7.17,39.36,8.04,659011,8.4,177,1,Kaggle Cow Mastitis (From milk)
COW-140,6.69,38.48,5.12,112758,24.9,249,0,Kaggle Cow Mastitis (From milk)
COW-133,7.07,39.32,6.81,1195228,13.0,244,1,Kaggle Cow Mastitis (From milk)
COW-106,6.66,38.6,4.34,114604,22.2,95,0,Kaggle Cow Mastitis (From milk)
COW-135,7.28,39.15,7.23,1037633,12.3,245,1,Kaggle Cow Mastitis (From milk)
COW-128,6.49,38.06,4.9,60960,22.6,244,0,Kaggle Cow Mastitis (From milk)
COW-105,7.38,40.38,8.52,489431,15.1,87,1,Kaggle Cow Mastitis (From milk)
COW-106,7.05,40.1,6.69,939425,8.5,224,1,Kaggle Cow Mastitis (From milk)
COW-119,7.21,39.9,8.76,1106680,12.8,120,1,Kaggle Cow Mastitis (From milk)
COW-102,6.5,38.53,4.47,74034,15.9,183,0,Kaggle Cow Mastitis (From milk)
COW-109,6.56,38.8,4.0,92057,24.8,294,0,Kaggle Cow Mastitis (From milk)
COW-135,7.18,40.37,7.68,1040065,11.1,153,1,Kaggle Cow Mastitis (From milk)
COW-142,6.63,38.16,4.44,80332,22.4,8,0,Kaggle Cow Mastitis (From milk)
COW-103,6.41,38.34,4.89,125212,17.9,51,0,Kaggle Cow Mastitis (From milk)
COW-117,6.76,38.27,5.42,51313,19.9,166,0,Kaggle Cow Mastitis (From milk)
COW-109,6.69,38.1,4.87,155702,23.1,132,0,Kaggle Cow Mastitis (From milk)
COW-118,6.42,38.33,4.92,86700,23.5,224,0,Kaggle Cow Mastitis (From milk)
COW-119,7.53,38.9,7.54,1293323,12.4,170,1,Kaggle Cow Mastitis (From milk)
COW-132,6.88,39.72,8.7,1238292,9.5,69,1,Kaggle Cow Mastitis (From milk)
COW-129,7.52,39.77,9.27,745711,14.9,218,1,Kaggle Cow Mastitis (From milk)
COW-124,7.58,40.56,7.2,868666,8.5,36,1,Kaggle Cow Mastitis (From milk)
COW-112,7.54,39.56,8.12,1085129,13.3,236,1,Kaggle Cow Mastitis (From milk)
COW-115,6.9,39.77,8.16,368259,12.5,92,1,Kaggle Cow Mastitis (From milk)
COW-146,6.61,38.48,4.45,95372,20.2,198,0,Kaggle Cow Mastitis (From milk)
COW-127,6.58,38.24,5.21,78396,21.6,207,0,Kaggle Cow Mastitis (From milk)
COW-140,6.61,38.36,5.08,164000,21.4,145,0,Kaggle Cow Mastitis (From milk)
COW-129,7.25,38.9,8.0,1388537,13.2,73,1,Kaggle Cow Mastitis (From milk)
COW-141,7.15,40.23,6.41,231597,16.5,12,1,Kaggle Cow Mastitis (From milk)
COW-125,7.11,39.5,6.78,725455,8.9,268,1,Kaggle Cow Mastitis (From milk)
COW-149,6.42,38.14,4.86,192804,22.4,172,0,Kaggle Cow Mastitis (From milk)
COW-148,6.5,38.36,4.18,153200,21.8,277,0,Kaggle Cow Mastitis (From milk)
COW-149,7.15,39.94,7.81,782840,12.9,199,1,Kaggle Cow Mastitis (From milk)
COW-146,6.64,38.29,5.5,147507,20.3,285,0,Kaggle Cow Mastitis (From milk)
COW-107,6.3,38.61,5.13,147749,17.8,98,0,Kaggle Cow Mastitis (From milk)
COW-121,6.74,38.49,5.48,163852,20.6,268,0,Kaggle Cow Mastitis (From milk)
COW-139,7.39,40.06,8.91,446864,10.2,170,1,Kaggle Cow Mastitis (From milk)
COW-109,6.51,38.09,5.2,142465,25.7,55,0,Kaggle Cow Mastitis (From milk)
COW-131,7.22,39.53,8.02,843875,8.5,285,1,Kaggle Cow Mastitis (From milk)
COW-108,7.46,39.17,6.4,644417,13.5,39,1,Kaggle Cow Mastitis (From milk)
COW-101,6.53,38.45,5.06,84858,24.8,25,0,Kaggle Cow Mastitis (From milk)
COW-136,6.65,38.14,4.86,98664,21.7,295,0,Kaggle Cow Mastitis (From milk)
COW-128,6.68,38.17,5.44,123503,22.1,247,0,Kaggle Cow Mastitis (From milk)
COW-148,6.59,38.32,5.09,90066,22.1,127,0,Kaggle Cow Mastitis (From milk)
COW-135,7.18,39.88,7.59,1398576,10.2,108,1,Kaggle Cow Mastitis (From milk)
COW-128,7.27,39.81,7.38,318203,16.5,246,1,Kaggle Cow Mastitis (From milk)
COW-134,7.06,39.58,8.35,458118,10.3,288,1,Kaggle Cow Mastitis (From milk)
COW-141,7.33,39.82,7.33,284860,14.2,188,1,Kaggle Cow Mastitis (From milk)
COW-113,7.3,39.58,7.72,322621,9.7,4,1,Kaggle Cow Mastitis (From milk)
COW-133,7.32,39.98,6.4,878073,11.2,201,1,Kaggle Cow Mastitis (From milk)
COW-111,6.65,38.15,5.01,51656,26.0,198,0,Kaggle Cow Mastitis (From milk)
COW-135,6.39,38.5,4.76,83158,21.9,207,0,Kaggle Cow Mastitis (From milk)
COW-122,7.01,40.3,6.65,1067257,13.3,215,1,Kaggle Cow Mastitis (From milk)
COW-124,6.57,38.19,5.36,181383,25.9,261,0,Kaggle Cow Mastitis (From milk)
COW-138,6.73,38.75,4.87,107654,23.6,182,0,Kaggle Cow Mastitis (From milk)
COW-146,6.58,38.52,4.74,156798,26.6,49,0,Kaggle Cow Mastitis (From milk)
COW-132,7.25,40.39,8.3,746074,12.5,261,1,Kaggle Cow Mastitis (From milk)
COW-122,6.65,38.26,5.71,152160,19.7,257,0,Kaggle Cow Mastitis (From milk)
COW-144,6.72,38.48,5.26,83410,17.5,225,0,Kaggle Cow Mastitis (From milk)
COW-122,6.65,38.52,4.44,98077,19.8,70,0,Kaggle Cow Mastitis (From milk)
COW-103,7.27,39.96,8.35,433176,10.4,146,1,Kaggle Cow Mastitis (From milk)
COW-101,7.25,40.23,6.4,501727,13.3,59,1,Kaggle Cow Mastitis (From milk)
COW-127,7.32,39.59,8.17,230723,15.3,243,1,Kaggle Cow Mastitis (From milk)
COW-125,6.5,38.08,4.78,59911,26.6,69,0,Kaggle Cow Mastitis (From milk)
COW-104,6.68,38.22,5.66,153592,14.0,1,0,Kaggle Cow Mastitis (From milk)
COW-128,7.07,39.35,8.47,585436,12.7,78,1,Kaggle Cow Mastitis (From milk)
COW-126,6.69,38.74,4.81,51137,25.6,285,0,Kaggle Cow Mastitis (From milk)
COW-141,6.88,39.46,6.65,1135535,15.4,79,1,Kaggle Cow Mastitis (From milk)
COW-128,6.57,38.8,5.12,148024,29.9,152,0,Kaggle Cow Mastitis (From milk)
COW-145,6.79,38.09,5.23,192271,22.2,12,0,Kaggle Cow Mastitis (From milk)
COW-129,7.65,39.81,8.96,1140457,9.2,25,1,Kaggle Cow Mastitis (From milk)
COW-108,6.62,38.39,4.6,125764,21.2,173,0,Kaggle Cow Mastitis (From milk)
COW-105,7.39,39.96,7.26,760869,12.5,271,1,Kaggle Cow Mastitis (From milk)
COW-116,6.5,38.78,5.91,163292,25.6,75,0,Kaggle Cow Mastitis (From milk)
COW-142,6.41,38.13,5.4,70416,23.0,229,0,Kaggle Cow Mastitis (From milk)
COW-124,6.43,38.22,5.36,50214,18.2,20,0,Kaggle Cow Mastitis (From milk)
COW-124,6.49,38.63,5.66,65356,18.6,150,0,Kaggle Cow Mastitis (From milk)
COW-122,7.38,40.16,8.58,684631,8.6,17,1,Kaggle Cow Mastitis (From milk)
COW-125,7.05,39.17,7.03,697863,14.0,152,1,Kaggle Cow Mastitis (From milk)
COW-129,6.99,40.65,7.12,771910,11.2,25,1,Kaggle Cow Mastitis (From milk)
COW-125,6.88,40.15,6.88,437173,14.8,7,1,Kaggle Cow Mastitis (From milk)
COW-114,6.52,38.51,5.78,101994,21.9,126,0,Kaggle Cow Mastitis (From milk)
COW-144,6.74,38.68,4.93,173799,20.8,155,0,Kaggle Cow Mastitis (From milk)
COW-131,6.6,38.58,4.75,194249,30.9,51,0,Kaggle Cow Mastitis (From milk)
COW-131,7.39,39.79,7.94,1375258,9.4,267,1,Kaggle Cow Mastitis (From milk)
COW-149,7.44,40.09,7.63,1314740,10.7,7,1,Kaggle Cow Mastitis (From milk)
COW-134,7.14,40.02,8.58,345332,7.6,134,1,Kaggle Cow Mastitis (From milk)
COW-116,6.69,38.33,4.73,123195,20.9,157,0,Kaggle Cow Mastitis (From milk)
COW-106,6.62,38.39,5.52,89309,14.3,161,0,Kaggle Cow Mastitis (From milk)
COW-145,6.52,38.31,4.87,119151,18.0,214,0,Kaggle Cow Mastitis (From milk)
COW-147,7.28,39.52,8.31,421146,6.1,61,1,Kaggle Cow Mastitis (From milk)
COW-120,7.28,39.17,8.01,1344902,13.7,237,1,Kaggle Cow Mastitis (From milk)
COW-148,6.84,38.64,4.59,107500,20.5,86,0,Kaggle Cow Mastitis (From milk)
COW-102,6.73,38.26,5.16,112988,26.2,114,0,Kaggle Cow Mastitis (From milk)
COW-139,7.26,39.77,6.92,419611,13.0,65,1,Kaggle Cow Mastitis (From milk)
COW-112,7.17,39.69,8.95,615156,10.2,108,1,Kaggle Cow Mastitis (From milk)
COW-145,7.06,39.73,6.76,295632,9.1,284,1,Kaggle Cow Mastitis (From milk)
COW-128,7.15,39.9,9.25,746665,11.6,17,1,Kaggle Cow Mastitis (From milk)
COW-107,6.55,38.8,5.08,126801,23.3,34,0,Kaggle Cow Mastitis (From milk)
COW-109,6.94,40.32,6.4,1124170,14.6,46,1,Kaggle Cow Mastitis (From milk)
COW-104,6.59,38.4,5.1,160023,18.8,236,0,Kaggle Cow Mastitis (From milk)
COW-142,7.05,40.28,7.91,947614,9.3,85,1,Kaggle Cow Mastitis (From milk)
COW-101,6.77,38.42,5.31,154158,16.1,239,0,Kaggle Cow Mastitis (From milk)
COW-112,6.65,38.67,5.28,67183,17.4,7,0,Kaggle Cow Mastitis (From milk)
COW-114,6.79,38.19,5.03,187957,21.1,122,0,Kaggle Cow Mastitis (From milk)
COW-141,6.56,38.77,5.27,157575,20.6,90,0,Kaggle Cow Mastitis (From milk)
COW-104,6.63,38.5,5.3,144033,22.5,17,0,Kaggle Cow Mastitis (From milk)
COW-125,7.38,39.14,7.43,890557,12.6,278,1,Kaggle Cow Mastitis (From milk)
COW-139,6.45,38.1,5.32,97168,22.3,139,0,Kaggle Cow Mastitis (From milk)
COW-149,6.47,38.29,5.89,186987,18.3,156,0,Kaggle Cow Mastitis (From milk)
COW-132,7.44,40.04,8.14,1117272,8.0,165,1,Kaggle Cow Mastitis (From milk)
COW-132,7.02,39.31,7.83,1293718,7.3,164,1,Kaggle Cow Mastitis (From milk)
COW-121,6.58,38.26,5.05,60597,27.7,133,0,Kaggle Cow Mastitis (From milk)
COW-111,6.57,38.01,5.24,163155,22.9,173,0,Kaggle Cow Mastitis (From milk)
COW-114,7.01,40.18,7.33,862865,11.6,168,1,Kaggle Cow Mastitis (From milk)
COW-135,6.76,38.66,5.59,141983,17.5,127,0,Kaggle Cow Mastitis (From milk)
COW-124,7.17,40.63,7.86,780628,9.1,98,1,Kaggle Cow Mastitis (From milk)
COW-111,7.36,39.91,6.64,434481,8.8,175,1,Kaggle Cow Mastitis (From milk)
COW-102,6.41,38.43,5.14,153330,24.1,259,0,Kaggle Cow Mastitis (From milk)
COW-124,6.57,38.01,5.24,123789,19.6,229,0,Kaggle Cow Mastitis (From milk)
COW-141,6.73,38.43,4.54,147364,22.7,104,0,Kaggle Cow Mastitis (From milk)
COW-122,6.47,38.22,4.62,63431,26.0,257,0,Kaggle Cow Mastitis (From milk)
COW-109,6.58,38.54,5.78,119729,17.3,14,0,Kaggle Cow Mastitis (From milk)
COW-149,7.09,40.29,8.5,951877,10.4,147,1,Kaggle Cow Mastitis (From milk)
COW-103,6.77,38.54,5.66,168433,18.2,161,0,Kaggle Cow Mastitis (From milk)
COW-119,6.51,38.46,5.69,155423,22.7,179,0,Kaggle Cow Mastitis (From milk)
COW-149,7.3,40.15,7.51,904199,16.5,273,1,Kaggle Cow Mastitis (From milk)
COW-149,6.8,38.12,5.07,82680,15.7,255,0,Kaggle Cow Mastitis (From milk)
COW-128,6.59,38.23,4.3,152036,17.6,134,0,Kaggle Cow Mastitis (From milk)
COW-102,7.09,40.28,7.38,984991,9.9,107,1,Kaggle Cow Mastitis (From milk)
COW-108,6.99,39.9,8.98,384551,12.9,5,1,Kaggle Cow Mastitis (From milk)
COW-124,6.48,38.27,5.63,147733,22.0,47,0,Kaggle Cow Mastitis (From milk)
COW-114,6.63,38.48,4.71,87634,22.2,170,0,Kaggle Cow Mastitis (From milk)
COW-120,6.91,39.7,8.6,637098,12.5,29,1,Kaggle Cow Mastitis (From milk)
COW-140,6.53,38.36,4.84,140087,21.3,292,0,Kaggle Cow Mastitis (From milk)
COW-137,7.44,39.52,7.35,815472,10.5,193,1,Kaggle Cow Mastitis (From milk)
COW-146,7.26,40.67,7.87,485690,16.3,74,1,Kaggle Cow Mastitis (From milk)
COW-135,6.34,38.4,4.85,186945,16.5,218,0,Kaggle Cow Mastitis (From milk)
COW-110,6.88,39.33,7.97,729532,12.0,11,1,Kaggle Cow Mastitis (From milk)
COW-113,7.26,40.23,7.15,314064,9.6,255,1,Kaggle Cow Mastitis (From milk)
COW-149,6.48,38.66,5.13,76334,23.5,178,0,Kaggle Cow Mastitis (From milk)
COW-135,7.45,39.62,6.4,460714,7.4,227,1,Kaggle Cow Mastitis (From milk)
COW-126,7.26,39.48,8.76,478151,12.6,42,1,Kaggle Cow Mastitis (From milk)
COW-128,6.5,38.58,4.19,135642,22.6,130,0,Kaggle Cow Mastitis (From milk)
COW-119,6.45,37.98,5.26,53421,17.6,78,0,Kaggle Cow Mastitis (From milk)
COW-109,7.14,40.54,8.21,1123073,10.3,14,1,Kaggle Cow Mastitis (From milk)
COW-124,6.71,38.53,5.06,73591,22.0,61,0,Kaggle Cow Mastitis (From milk)
COW-107,6.6,38.67,5.27,59788,19.8,287,0,Kaggle Cow Mastitis (From milk)
COW-142,7.41,40.12,9.03,484772,9.3,72,1,Kaggle Cow Mastitis (From milk)
COW-112,7.45,40.29,7.57,824886,12.5,201,1,Kaggle Cow Mastitis (From milk)
COW-118,7.19,39.3,7.8,1131139,12.0,293,1,Kaggle Cow Mastitis (From milk)
COW-115,6.43,38.39,5.1,50196,21.5,165,0,Kaggle Cow Mastitis (From milk)
COW-128,7.02,40.61,10.53,1137719,14.5,23,1,Kaggle Cow Mastitis (From milk)
COW-149,7.03,39.13,9.69,586078,12.2,192,1,Kaggle Cow Mastitis (From milk)
COW-104,7.03,39.14,8.55,1239952,11.8,232,1,Kaggle Cow Mastitis (From milk)
COW-137,7.04,39.71,6.64,1351469,13.6,223,1,Kaggle Cow Mastitis (From milk)
COW-138,6.92,39.3,6.48,973976,14.7,75,1,Kaggle Cow Mastitis (From milk)
COW-128,7.38,40.31,9.48,291869,12.0,206,1,Kaggle Cow Mastitis (From milk)
COW-110,7.18,38.9,9.59,716469,13.3,296,1,Kaggle Cow Mastitis (From milk)
COW-145,7.29,39.95,6.58,685486,14.1,20,1,Kaggle Cow Mastitis (From milk)
COW-101,6.59,38.19,4.79,171655,19.3,39,0,Kaggle Cow Mastitis (From milk)
COW-114,7.15,39.22,7.68,410508,15.1,141,1,Kaggle Cow Mastitis (From milk)
COW-133,6.47,38.22,5.09,190748,15.1,296,0,Kaggle Cow Mastitis (From milk)
COW-134,6.6,38.45,5.15,145230,17.8,117,0,Kaggle Cow Mastitis (From milk)
COW-126,6.55,38.35,5.45,154900,28.3,222,0,Kaggle Cow Mastitis (From milk)
COW-115,6.52,38.42,4.83,192266,19.4,5,0,Kaggle Cow Mastitis (From milk)
COW-126,6.7,38.0,4.79,175682,20.4,146,0,Kaggle Cow Mastitis (From milk)
COW-148,6.45,38.42,4.95,136861,20.4,294,0,Kaggle Cow Mastitis (From milk)
COW-140,6.59,38.48,6.2,77338,24.9,158,0,Kaggle Cow Mastitis (From milk)
COW-144,6.88,39.05,8.36,460171,9.9,197,1,Kaggle Cow Mastitis (From milk)
COW-129,6.49,38.6,5.15,112751,20.0,254,0,Kaggle Cow Mastitis (From milk)
COW-121,7.15,39.04,7.14,1092706,14.9,114,1,Kaggle Cow Mastitis (From milk)
COW-101,6.64,38.2,5.05,101783,24.0,39,0,Kaggle Cow Mastitis (From milk)
COW-103,6.56,38.24,5.06,171771,26.5,32,0,Kaggle Cow Mastitis (From milk)
COW-149,6.32,38.3,5.72,180781,23.6,261,0,Kaggle Cow Mastitis (From milk)
COW-137,7.41,39.77,7.05,1361023,13.0,241,1,Kaggle Cow Mastitis (From milk)
COW-144,6.5,38.38,5.45,85075,21.7,262,0,Kaggle Cow Mastitis (From milk)
COW-128,7.4,40.71,9.01,534818,15.7,249,1,Kaggle Cow Mastitis (From milk)
COW-105,6.95,39.83,7.53,750934,10.1,29,1,Kaggle Cow Mastitis (From milk)
COW-118,7.25,39.86,6.85,616263,14.2,270,1,Kaggle Cow Mastitis (From milk)
COW-106,7.08,39.94,8.32,1360746,15.7,178,1,Kaggle Cow Mastitis (From milk)
COW-127,7.21,39.21,7.43,787061,14.8,289,1,Kaggle Cow Mastitis (From milk)
COW-133,6.55,38.23,6.2,94109,26.8,275,0,Kaggle Cow Mastitis (From milk)
COW-135,7.24,39.81,7.65,476754,9.8,40,1,Kaggle Cow Mastitis (From milk)
COW-128,7.49,39.19,8.5,592447,9.6,137,1,Kaggle Cow Mastitis (From milk)
COW-117,6.51,38.65,5.63,167010,16.7,43,0,Kaggle Cow Mastitis (From milk)
COW-124,7.44,39.48,7.51,730751,11.5,266,1,Kaggle Cow Mastitis (From milk)
COW-139,7.55,39.17,8.86,808033,14.4,142,1,Kaggle Cow Mastitis (From milk)
COW-149,7.06,40.36,7.91,486432,14.8,151,1,Kaggle Cow Mastitis (From milk)
COW-122,7.16,39.39,7.46,593419,10.2,15,1,Kaggle Cow Mastitis (From milk)
COW-139,7.13,39.6,9.96,722097,8.8,234,1,Kaggle Cow Mastitis (From milk)
COW-137,6.88,39.36,6.9,394591,11.5,285,1,Kaggle Cow Mastitis (From milk)
COW-129,6.69,38.52,5.38,167025,19.6,42,0,Kaggle Cow Mastitis (From milk)
COW-124,6.88,39.96,7.68,820572,9.0,176,1,Kaggle Cow Mastitis (From milk)
COW-136,6.97,39.38,7.93,934958,13.9,89,1,Kaggle Cow Mastitis (From milk)
COW-126,6.65,38.29,5.11,186837,19.0,218,0,Kaggle Cow Mastitis (From milk)
COW-113,7.06,39.98,7.52,1175775,10.5,260,1,Kaggle Cow Mastitis (From milk)
COW-128,6.71,38.8,4.94,144924,17.5,6,0,Kaggle Cow Mastitis (From milk)
COW-121,6.99,39.94,7.16,354480,8.2,226,1,Kaggle Cow Mastitis (From milk)
COW-117,7.28,40.77,7.01,431413,15.1,275,1,Kaggle Cow Mastitis (From milk)
COW-148,6.7,38.37,5.24,86318,27.5,184,0,Kaggle Cow Mastitis (From milk)
COW-123,6.59,38.8,5.03,179644,18.3,101,0,Kaggle Cow Mastitis (From milk)
COW-129,6.66,38.73,5.38,172329,19.6,281,0,Kaggle Cow Mastitis (From milk)
COW-105,7.11,38.99,7.84,906843,10.2,187,1,Kaggle Cow Mastitis (From milk)
COW-127,6.62,38.46,4.97,187885,16.6,28,0,Kaggle Cow Mastitis (From milk)
COW-104,6.46,38.8,4.47,118148,20.6,247,0,Kaggle Cow Mastitis (From milk)
COW-118,6.71,38.27,4.44,192273,20.1,195,0,Kaggle Cow Mastitis (From milk)
COW-141,7.3,40.47,8.18,598466,11.0,226,1,Kaggle Cow Mastitis (From milk)
COW-117,6.68,38.01,4.64,189927,21.6,179,0,Kaggle Cow Mastitis (From milk)
COW-106,7.15,39.47,8.93,244791,12.4,119,1,Kaggle Cow Mastitis (From milk)
COW-118,7.1,39.39,8.35,1299816,11.7,60,1,Kaggle Cow Mastitis (From milk)
COW-137,6.43,38.35,5.5,86395,26.7,231,0,Kaggle Cow Mastitis (From milk)
COW-123,6.64,38.48,5.09,113364,22.0,22,0,Kaggle Cow Mastitis (From milk)
COW-113,6.56,38.35,5.32,79679,25.0,150,0,Kaggle Cow Mastitis (From milk)
COW-136,6.83,38.15,5.68,122143,23.6,289,0,Kaggle Cow Mastitis (From milk)
COW-125,6.5,38.34,6.13,103024,17.7,112,0,Kaggle Cow Mastitis (From milk)
COW-147,7.36,40.32,8.89,1264582,10.8,256,1,Kaggle Cow Mastitis (From milk)
COW-127,6.63,37.91,5.37,57922,23.8,300,0,Kaggle Cow Mastitis (From milk)
COW-122,6.57,38.64,5.58,151095,23.1,213,0,Kaggle Cow Mastitis (From milk)
COW-103,7.2,39.85,9.56,471981,11.3,169,1,Kaggle Cow Mastitis (From milk)
COW-132,7.04,39.18,8.15,1372219,9.0,155,1,Kaggle Cow Mastitis (From milk)
COW-147,6.7,38.15,5.74,131791,21.8,86,0,Kaggle Cow Mastitis (From milk)
COW-145,7.3,39.98,8.35,1244216,9.9,54,1,Kaggle Cow Mastitis (From milk)
COW-146,6.39,38.8,5.22,98206,18.9,134,0,Kaggle Cow Mastitis (From milk)
COW-105,6.76,38.13,4.39,77781,24.3,145,0,Kaggle Cow Mastitis (From milk)
COW-140,7.34,39.31,9.81,1379877,13.7,4,1,Kaggle Cow Mastitis (From milk)
COW-139,6.8,38.59,4.73,172824,17.3,85,0,Kaggle Cow Mastitis (From milk)
COW-112,6.98,39.89,8.15,652681,12.2,170,1,Kaggle Cow Mastitis (From milk)
COW-148,7.3,39.65,8.16,1077882,4.0,223,1,Kaggle Cow Mastitis (From milk)
COW-134,6.6,38.49,5.22,85087,14.0,93,0,Kaggle Cow Mastitis (From milk)
COW-110,7.56,39.71,7.99,279207,10.3,12,1,Kaggle Cow Mastitis (From milk)
COW-108,6.51,38.46,4.92,91707,22.5,95,0,Kaggle Cow Mastitis (From milk)
COW-109,6.83,38.25,4.88,55645,20.3,67,0,Kaggle Cow Mastitis (From milk)
COW-103,6.51,38.47,5.51,132903,19.3,157,0,Kaggle Cow Mastitis (From milk)
COW-138,6.59,38.42,5.45,124509,20.8,267,0,Kaggle Cow Mastitis (From milk)
COW-137,6.7,38.72,5.63,61376,22.1,101,0,Kaggle Cow Mastitis (From milk)
COW-140,7.31,39.21,8.59,855268,15.6,226,1,Kaggle Cow Mastitis (From milk)
COW-131,6.51,38.53,4.0,107860,20.3,211,0,Kaggle Cow Mastitis (From milk)
COW-135,6.57,38.65,4.65,133683,25.6,202,0,Kaggle Cow Mastitis (From milk)
COW-133,6.65,38.56,4.7,52232,14.0,49,0,Kaggle Cow Mastitis (From milk)
COW-126,7.11,39.85,8.52,337504,14.6,55,1,Kaggle Cow Mastitis (From milk)
COW-116,7.28,39.51,7.02,675540,10.1,55,1,Kaggle Cow Mastitis (From milk)
COW-117,7.11,39.08,8.49,1038185,12.1,13,1,Kaggle Cow Mastitis (From milk)
COW-123,7.11,39.65,8.73,1018150,9.3,182,1,Kaggle Cow Mastitis (From milk)
COW-109,6.67,38.8,4.84,100053,23.5,249,0,Kaggle Cow Mastitis (From milk)
COW-105,7.15,40.56,6.7,638661,8.6,219,1,Kaggle Cow Mastitis (From milk)
COW-108,6.66,38.22,5.72,184298,27.0,180,0,Kaggle Cow Mastitis (From milk)
COW-130,6.66,38.12,4.5,137527,18.9,291,0,Kaggle Cow Mastitis (From milk)
COW-108,6.46,38.26,5.25,122588,22.5,53,0,Kaggle Cow Mastitis (From milk)
COW-133,6.65,38.8,4.75,73640,24.1,153,0,Kaggle Cow Mastitis (From milk)
COW-122,7.21,39.87,6.4,732747,16.0,293,1,Kaggle Cow Mastitis (From milk)
COW-136,7.34,39.65,8.7,855100,12.2,236,1,Kaggle Cow Mastitis (From milk)
COW-126,6.85,38.28,5.19,56151,22.5,236,0,Kaggle Cow Mastitis (From milk)
COW-137,6.46,38.32,4.35,103786,16.7,10,0,Kaggle Cow Mastitis (From milk)
COW-123,7.25,39.18,8.17,549230,12.4,159,1,Kaggle Cow Mastitis (From milk)
COW-122,6.71,38.29,5.58,156993,19.6,267,0,Kaggle Cow Mastitis (From milk)
COW-133,6.6,38.38,5.18,193743,22.9,54,0,Kaggle Cow Mastitis (From milk)
COW-125,7.27,40.6,7.27,524567,14.9,164,1,Kaggle Cow Mastitis (From milk)
COW-119,6.32,38.29,5.8,140429,17.5,210,0,Kaggle Cow Mastitis (From milk)
COW-144,6.59,38.38,5.62,86379,21.1,182,0,Kaggle Cow Mastitis (From milk)
COW-120,6.58,38.16,5.75,114913,23.3,184,0,Kaggle Cow Mastitis (From milk)
COW-112,6.73,38.49,5.57,108522,19.5,214,0,Kaggle Cow Mastitis (From milk)
COW-138,7.13,39.46,9.08,505158,13.4,133,1,Kaggle Cow Mastitis (From milk)
COW-145,7.51,39.27,6.59,1373399,15.5,177,1,Kaggle Cow Mastitis (From milk)
COW-121,7.01,40.48,7.7,925413,15.4,190,1,Kaggle Cow Mastitis (From milk)
COW-146,6.45,38.25,5.19,111296,20.3,101,0,Kaggle Cow Mastitis (From milk)
COW-132,6.63,38.18,4.56,94919,18.8,118,0,Kaggle Cow Mastitis (From milk)
COW-124,6.62,38.21,5.09,158379,22.2,154,0,Kaggle Cow Mastitis (From milk)
COW-139,7.13,39.95,8.85,1313751,11.6,7,1,Kaggle Cow Mastitis (From milk)
COW-127,7.63,40.79,6.4,608668,13.8,224,1,Kaggle Cow Mastitis (From milk)
COW-140,6.51,38.62,5.18,136066,22.6,1,0,Kaggle Cow Mastitis (From milk)
COW-136,6.65,38.19,5.16,116651,17.6,240,0,Kaggle Cow Mastitis (From milk)
COW-126,7.15,39.99,7.4,611964,12.4,115,1,Kaggle Cow Mastitis (From milk)
COW-116,6.85,38.56,4.93,140607,18.6,15,0,Kaggle Cow Mastitis (From milk)
COW-130,6.88,38.9,8.56,1183653,6.3,293,1,Kaggle Cow Mastitis (From milk)
COW-125,6.71,38.66,4.26,71981,25.4,220,0,Kaggle Cow Mastitis (From milk)
COW-146,7.18,39.72,7.65,612621,9.3,229,1,Kaggle Cow Mastitis (From milk)
COW-148,7.28,39.32,7.0,399057,12.7,173,1,Kaggle Cow Mastitis (From milk)
COW-101,6.85,38.16,5.28,74262,16.2,38,0,Kaggle Cow Mastitis (From milk)
COW-102,7.32,39.85,7.73,1292415,14.2,120,1,Kaggle Cow Mastitis (From milk)
COW-101,7.28,39.95,6.73,1161638,11.0,237,1,Kaggle Cow Mastitis (From milk)
COW-104,6.63,38.68,5.54,110658,18.3,104,0,Kaggle Cow Mastitis (From milk)
COW-117,6.57,38.1,4.05,76008,19.9,29,0,Kaggle Cow Mastitis (From milk)
COW-104,7.47,39.65,8.08,887191,4.8,195,1,Kaggle Cow Mastitis (From milk)
COW-130,7.18,39.68,7.71,779684,15.1,287,1,Kaggle Cow Mastitis (From milk)
COW-144,6.6,38.33,4.34,167577,23.0,31,0,Kaggle Cow Mastitis (From milk)
COW-144,7.13,39.98,9.43,630701,7.9,216,1,Kaggle Cow Mastitis (From milk)
COW-141,6.7,38.47,4.74,175584,17.6,285,0,Kaggle Cow Mastitis (From milk)
COW-129,6.3,38.21,5.0,119069,14.0,229,0,Kaggle Cow Mastitis (From milk)
COW-103,6.46,38.39,5.48,78310,20.4,89,0,Kaggle Cow Mastitis (From milk)
COW-145,7.12,38.94,7.16,1161410,14.3,295,1,Kaggle Cow Mastitis (From milk)
COW-111,7.03,38.92,7.36,255817,11.2,115,1,Kaggle Cow Mastitis (From milk)
COW-110,6.83,38.46,5.88,189291,19.7,160,0,Kaggle Cow Mastitis (From milk)
COW-109,7.44,40.05,7.71,629412,10.4,295,1,Kaggle Cow Mastitis (From milk)
COW-135,7.12,38.91,7.48,238913,13.6,288,1,Kaggle Cow Mastitis (From milk)
COW-108,6.71,38.4,4.9,122340,24.1,257,0,Kaggle Cow Mastitis (From milk)
COW-139,6.64,38.41,4.61,155685,21.6,28,0,Kaggle Cow Mastitis (From milk)
COW-136,6.65,38.8,5.14,94483,14.0,115,0,Kaggle Cow Mastitis (From milk)
COW-145,6.55,38.43,5.47,125612,23.9,282,0,Kaggle Cow Mastitis (From milk)
COW-136,7.13,39.82,8.16,1320429,12.3,249,1,Kaggle Cow Mastitis (From milk)
COW-124,6.59,38.07,5.78,181645,17.3,78,0,Kaggle Cow Mastitis (From milk)
COW-120,6.97,40.4,7.19,301130,5.7,250,1,Kaggle Cow Mastitis (From milk)
COW-112,7.4,39.38,8.33,300284,13.4,235,1,Kaggle Cow Mastitis (From milk)
COW-128,7.38,39.34,7.38,589144,12.8,258,1,Kaggle Cow Mastitis (From milk)
COW-109,7.32,39.51,6.84,1274099,13.4,288,1,Kaggle Cow Mastitis (From milk)
COW-116,7.14,39.64,8.29,287722,13.0,98,1,Kaggle Cow Mastitis (From milk)
COW-146,6.92,39.98,7.54,418264,10.2,134,1,Kaggle Cow Mastitis (From milk)
COW-124,6.61,38.29,5.6,116409,25.7,205,0,Kaggle Cow Mastitis (From milk)
COW-106,7.1,39.81,7.72,267594,12.8,147,1,Kaggle Cow Mastitis (From milk)
COW-118,6.63,38.23,5.11,92123,20.3,30,0,Kaggle Cow Mastitis (From milk)
COW-139,6.67,38.52,4.52,183035,19.1,166,0,Kaggle Cow Mastitis (From milk)
COW-107,6.46,38.24,5.35,76990,16.5,198,0,Kaggle Cow Mastitis (From milk)
COW-145,7.09,40.41,8.21,324522,8.8,37,1,Kaggle Cow Mastitis (From milk)
COW-107,7.26,39.58,8.35,1339076,14.0,247,1,Kaggle Cow Mastitis (From milk)
COW-145,7.09,39.35,7.86,899285,9.9,239,1,Kaggle Cow Mastitis (From milk)
COW-120,6.85,38.73,4.8,98168,20.8,229,0,Kaggle Cow Mastitis (From milk)
COW-112,7.38,38.99,6.4,712254,9.1,239,1,Kaggle Cow Mastitis (From milk)
COW-101,7.27,40.21,6.85,773900,11.6,17,1,Kaggle Cow Mastitis (From milk)
COW-144,6.62,38.32,4.91,171195,23.3,40,0,Kaggle Cow Mastitis (From milk)
COW-101,6.88,39.51,7.22,908065,4.0,47,1,Kaggle Cow Mastitis (From milk)
COW-110,7.43,39.77,7.87,779833,9.6,242,1,Kaggle Cow Mastitis (From milk)
COW-107,6.63,38.1,5.63,121958,24.3,63,0,Kaggle Cow Mastitis (From milk)
COW-102,7.3,39.56,8.39,544106,14.5,196,1,Kaggle Cow Mastitis (From milk)
COW-143,7.24,39.79,7.1,372304,9.2,104,1,Kaggle Cow Mastitis (From milk)
COW-103,6.75,38.54,4.33,83094,22.2,95,0,Kaggle Cow Mastitis (From milk)
COW-143,6.68,38.35,5.07,93471,19.7,202,0,Kaggle Cow Mastitis (From milk)
COW-130,6.54,38.12,5.24,100246,22.2,110,0,Kaggle Cow Mastitis (From milk)
COW-132,6.39,37.8,5.31,187328,21.9,23,0,Kaggle Cow Mastitis (From milk)
COW-148,6.88,38.95,7.28,1267161,15.7,86,1,Kaggle Cow Mastitis (From milk)
COW-145,7.29,39.62,7.72,260629,13.5,20,1,Kaggle Cow Mastitis (From milk)
COW-145,6.85,38.65,5.43,79773,16.3,55,0,Kaggle Cow Mastitis (From milk)
COW-105,7.18,39.05,6.46,1166171,13.1,215,1,Kaggle Cow Mastitis (From milk)
COW-116,7.31,39.77,7.23,1258209,7.8,92,1,Kaggle Cow Mastitis (From milk)
COW-143,6.88,39.59,6.4,941383,13.7,140,1,Kaggle Cow Mastitis (From milk)
COW-119,7.46,39.7,8.8,377858,8.9,40,1,Kaggle Cow Mastitis (From milk)
COW-120,6.64,37.82,5.33,112643,18.7,106,0,Kaggle Cow Mastitis (From milk)
COW-117,7.14,39.33,9.08,1330775,9.4,59,1,Kaggle Cow Mastitis (From milk)
COW-111,6.5,38.58,5.38,163564,18.0,51,0,Kaggle Cow Mastitis (From milk)
COW-120,6.55,38.26,5.38,100075,20.0,296,0,Kaggle Cow Mastitis (From milk)
COW-102,6.66,38.35,5.89,186695,17.8,259,0,Kaggle Cow Mastitis (From milk)
COW-132,6.54,38.28,5.25,128952,15.7,273,0,Kaggle Cow Mastitis (From milk)
COW-112,7.33,39.39,7.5,488428,12.8,291,1,Kaggle Cow Mastitis (From milk)
COW-108,7.23,40.69,7.9,799403,15.9,195,1,Kaggle Cow Mastitis (From milk)
COW-113,7.36,39.06,9.21,1243888,10.3,29,1,Kaggle Cow Mastitis (From milk)
COW-123,6.99,39.71,6.67,849322,11.0,239,1,Kaggle Cow Mastitis (From milk)
COW-127,6.6,38.6,5.09,88937,18.8,137,0,Kaggle Cow Mastitis (From milk)
COW-104,7.27,39.96,7.77,1243131,12.2,241,1,Kaggle Cow Mastitis (From milk)
COW-124,6.75,38.79,4.97,146142,15.6,1,0,Kaggle Cow Mastitis (From milk)
COW-134,6.55,38.34,4.98,185274,19.4,286,0,Kaggle Cow Mastitis (From milk)
COW-141,6.38,38.55,5.25,191710,23.7,249,0,Kaggle Cow Mastitis (From milk)
COW-150,7.24,39.29,8.25,1255744,8.0,148,1,Kaggle Cow Mastitis (From milk)
COW-135,6.5,38.44,5.32,136662,20.2,177,0,Kaggle Cow Mastitis (From milk)
COW-144,7.02,40.14,8.0,571474,11.3,42,1,Kaggle Cow Mastitis (From milk)
COW-137,6.66,38.58,5.76,72805,17.9,123,0,Kaggle Cow Mastitis (From milk)
COW-133,6.66,38.29,4.67,128169,18.9,4,0,Kaggle Cow Mastitis (From milk)
COW-146,7.3,39.51,6.4,623642,11.5,52,1,Kaggle Cow Mastitis (From milk)
COW-140,6.6,38.55,4.99,135471,21.5,132,0,Kaggle Cow Mastitis (From milk)
COW-149,6.58,38.8,5.15,134113,21.2,111,0,Kaggle Cow Mastitis (From milk)
COW-136,6.5,38.8,5.55,78554,17.5,61,0,Kaggle Cow Mastitis (From milk)
COW-150,7.53,39.32,8.13,1198888,14.4,81,1,Kaggle Cow Mastitis (From milk)
COW-113,7.17,39.68,7.19,705114,11.4,25,1,Kaggle Cow Mastitis (From milk)
COW-148,6.73,38.8,5.06,175083,18.7,97,0,Kaggle Cow Mastitis (From milk)
COW-104,6.69,37.99,5.27,57247,22.4,184,0,Kaggle Cow Mastitis (From milk)
COW-119,7.42,39.96,8.09,812296,11.7,11,1,Kaggle Cow Mastitis (From milk)
COW-141,6.62,38.8,4.01,68541,21.2,62,0,Kaggle Cow Mastitis (From milk)
COW-130,6.79,38.29,5.57,168484,14.0,111,0,Kaggle Cow Mastitis (From milk)
COW-105,6.49,38.47,5.14,103546,22.9,270,0,Kaggle Cow Mastitis (From milk)
COW-147,6.58,38.8,4.66,164926,22.4,34,0,Kaggle Cow Mastitis (From milk)
COW-105,7.08,39.4,6.4,404507,8.9,222,1,Kaggle Cow Mastitis (From milk)
COW-107,6.5,37.91,4.85,54230,20.8,154,0,Kaggle Cow Mastitis (From milk)
COW-124,6.37,38.14,4.36,56512,19.7,274,0,Kaggle Cow Mastitis (From milk)
COW-138,7.09,39.52,9.22,894015,7.5,259,1,Kaggle Cow Mastitis (From milk)
COW-119,6.56,38.67,5.71,165519,17.4,216,0,Kaggle Cow Mastitis (From milk)
COW-106,6.38,37.95,5.66,169988,19.3,291,0,Kaggle Cow Mastitis (From milk)
COW-139,6.61,38.25,5.58,100474,18.7,23,0,Kaggle Cow Mastitis (From milk)
COW-148,7.25,39.87,8.66,979811,13.7,285,1,Kaggle Cow Mastitis (From milk)
COW-125,7.43,39.7,8.78,525375,14.1,39,1,Kaggle Cow Mastitis (From milk)
COW-117,7.25,39.69,7.83,982761,9.0,39,1,Kaggle Cow Mastitis (From milk)
COW-112,7.45,39.75,7.88,1316696,13.7,9,1,Kaggle Cow Mastitis (From milk)
COW-149,6.5,38.42,5.03,75992,16.8,289,0,Kaggle Cow Mastitis (From milk)
COW-121,7.26,39.55,7.97,559263,11.8,272,1,Kaggle Cow Mastitis (From milk)
COW-128,6.51,38.49,5.6,112162,17.0,216,0,Kaggle Cow Mastitis (From milk)
COW-132,6.75,38.37,5.06,88472,21.4,137,0,Kaggle Cow Mastitis (From milk)
COW-129,7.25,39.38,7.12,1037646,12.4,188,1,Kaggle Cow Mastitis (From milk)
COW-123,7.29,40.05,8.86,955736,13.2,96,1,Kaggle Cow Mastitis (From milk)
COW-115,7.27,39.79,8.86,604881,11.4,112,1,Kaggle Cow Mastitis (From milk)
COW-107,6.49,38.57,4.8,57492,18.4,231,0,Kaggle Cow Mastitis (From milk)
COW-133,6.78,38.39,4.94,78854,23.6,111,0,Kaggle Cow Mastitis (From milk)
COW-150,7.23,39.13,7.57,624772,14.8,172,1,Kaggle Cow Mastitis (From milk)
COW-127,6.54,38.78,4.59,82024,17.7,68,0,Kaggle Cow Mastitis (From milk)
COW-107,7.2,39.97,7.17,900257,11.8,199,1,Kaggle Cow Mastitis (From milk)
COW-124,7.31,39.27,6.96,593947,11.4,45,1,Kaggle Cow Mastitis (From milk)
COW-123,7.05,39.62,7.51,1050757,13.2,45,1,Kaggle Cow Mastitis (From milk)
COW-132,7.23,40.25,8.26,1355229,11.0,137,1,Kaggle Cow Mastitis (From milk)
COW-131,6.58,38.8,5.44,178034,19.4,84,0,Kaggle Cow Mastitis (From milk)
COW-150,6.5,38.38,5.15,113461,22.2,179,0,Kaggle Cow Mastitis (From milk)
COW-111,7.46,39.57,8.21,378631,11.0,200,1,Kaggle Cow Mastitis (From milk)
COW-135,6.43,38.46,5.65,163645,26.0,148,0,Kaggle Cow Mastitis (From milk)
COW-118,6.61,38.65,5.0,149389,20.2,38,0,Kaggle Cow Mastitis (From milk)
COW-116,7.8,39.27,7.58,1297611,8.8,53,1,Kaggle Cow Mastitis (From milk)
COW-114,6.58,38.54,5.19,152620,20.5,51,0,Kaggle Cow Mastitis (From milk)
COW-105,6.64,38.4,5.08,63350,17.3,75,0,Kaggle Cow Mastitis (From milk)
COW-133,6.64,38.11,5.42,135200,23.3,148,0,Kaggle Cow Mastitis (From milk)
COW-102,7.12,39.83,8.96,1360713,10.5,111,1,Kaggle Cow Mastitis (From milk)
COW-139,6.74,38.17,4.81,156494,24.2,225,0,Kaggle Cow Mastitis (From milk)
COW-137,6.63,38.31,5.1,82788,21.9,118,0,Kaggle Cow Mastitis (From milk)
COW-103,7.41,39.73,8.1,316108,14.0,288,1,Kaggle Cow Mastitis (From milk)
COW-136,7.19,39.39,7.78,507914,11.2,61,1,Kaggle Cow Mastitis (From milk)
COW-117,6.69,38.19,4.69,101769,14.0,253,0,Kaggle Cow Mastitis (From milk)
COW-114,6.66,38.11,4.79,89832,18.4,235,0,Kaggle Cow Mastitis (From milk)
COW-149,7.26,40.46,6.68,402335,11.8,293,1,Kaggle Cow Mastitis (From milk)
COW-144,7.3,40.14,8.89,373817,14.3,2,1,Kaggle Cow Mastitis (From milk)
COW-109,6.61,38.47,5.14,146657,29.0,48,0,Kaggle Cow Mastitis (From milk)
COW-139,7.35,39.34,9.3,665098,12.1,98,1,Kaggle Cow Mastitis (From milk)
COW-141,7.14,38.9,7.89,630430,7.8,216,1,Kaggle Cow Mastitis (From milk)
COW-149,7.3,40.37,8.26,945782,9.1,117,1,Kaggle Cow Mastitis (From milk)
COW-108,7.31,40.35,9.24,816992,10.4,31,1,Kaggle Cow Mastitis (From milk)
COW-130,6.57,38.51,4.87,150575,25.4,36,0,Kaggle Cow Mastitis (From milk)
COW-135,6.51,38.33,4.91,156241,21.9,299,0,Kaggle Cow Mastitis (From milk)
COW-122,7.11,40.07,8.55,1112612,14.4,263,1,Kaggle Cow Mastitis (From milk)
COW-123,7.36,39.6,8.13,228677,13.9,181,1,Kaggle Cow Mastitis (From milk)
COW-105,7.35,40.06,7.78,891780,13.3,12,1,Kaggle Cow Mastitis (From milk)
COW-142,6.61,37.91,5.34,90959,20.7,111,0,Kaggle Cow Mastitis (From milk)
COW-123,6.72,38.3,5.51,194022,23.5,239,0,Kaggle Cow Mastitis (From milk)
COW-105,7.26,40.27,6.55,861669,8.7,293,1,Kaggle Cow Mastitis (From milk)
COW-149,6.88,40.4,8.9,900323,16.5,226,1,Kaggle Cow Mastitis (From milk)
COW-101,6.44,38.11,5.26,90959,18.8,134,0,Kaggle Cow Mastitis (From milk)
COW-140,7.05,39.5,7.38,579786,14.8,217,1,Kaggle Cow Mastitis (From milk)
COW-102,6.55,38.36,5.29,141484,16.1,138,0,Kaggle Cow Mastitis (From milk)
COW-129,7.14,39.05,7.15,937689,8.1,165,1,Kaggle Cow Mastitis (From milk)
COW-101,7.56,40.08,6.4,1125962,13.8,26,1,Kaggle Cow Mastitis (From milk)
COW-137,7.4,40.13,6.4,1112307,12.6,34,1,Kaggle Cow Mastitis (From milk)
COW-114,6.57,38.63,5.24,64699,23.4,133,0,Kaggle Cow Mastitis (From milk)
COW-135,6.85,38.23,5.29,88773,14.2,128,0,Kaggle Cow Mastitis (From milk)
COW-136,7.16,39.2,6.9,1232821,11.7,160,1,Kaggle Cow Mastitis (From milk)
COW-114,6.54,38.53,5.58,64762,15.9,212,0,Kaggle Cow Mastitis (From milk)
COW-135,6.71,38.32,5.0,79382,26.9,177,0,Kaggle Cow Mastitis (From milk)
COW-126,6.68,38.24,4.79,183145,18.3,13,0,Kaggle Cow Mastitis (From milk)
COW-143,6.54,38.08,5.85,85093,16.4,131,0,Kaggle Cow Mastitis (From milk)
COW-140,6.53,38.69,5.08,53653,20.6,104,0,Kaggle Cow Mastitis (From milk)
COW-133,6.5,38.1,5.27,158886,21.4,171,0,Kaggle Cow Mastitis (From milk)
COW-144,6.63,38.45,5.58,118702,16.2,250,0,Kaggle Cow Mastitis (From milk)
COW-145,6.56,38.06,5.93,60006,17.9,152,0,Kaggle Cow Mastitis (From milk)
COW-109,7.33,39.73,8.45,815313,14.0,148,1,Kaggle Cow Mastitis (From milk)
COW-118,6.62,38.49,5.52,58205,21.2,200,0,Kaggle Cow Mastitis (From milk)
COW-102,6.43,38.44,5.47,182610,19.6,175,0,Kaggle Cow Mastitis (From milk)
COW-137,7.55,39.57,7.19,1047847,11.7,77,1,Kaggle Cow Mastitis (From milk)
COW-136,6.55,38.06,4.0,107711,18.5,260,0,Kaggle Cow Mastitis (From milk)
COW-125,7.37,39.88,8.32,664844,16.5,8,1,Kaggle Cow Mastitis (From milk)
COW-124,7.02,40.04,8.23,931791,12.6,247,1,Kaggle Cow Mastitis (From milk)
COW-148,6.46,38.46,5.22,108656,19.8,283,0,Kaggle Cow Mastitis (From milk)
COW-149,6.58,38.57,5.43,52191,19.2,251,0,Kaggle Cow Mastitis (From milk)
COW-112,6.67,38.11,4.43,128950,19.8,236,0,Kaggle Cow Mastitis (From milk)
COW-130,7.25,39.47,7.25,902679,8.4,98,1,Kaggle Cow Mastitis (From milk)
COW-128,6.45,38.59,4.64,173979,20.5,112,0,Kaggle Cow Mastitis (From milk)
COW-137,6.53,38.18,4.87,106284,27.5,294,0,Kaggle Cow Mastitis (From milk)
COW-128,6.64,37.88,5.38,109365,25.6,243,0,Kaggle Cow Mastitis (From milk)
COW-106,6.39,38.37,5.54,174945,22.6,89,0,Kaggle Cow Mastitis (From milk)
COW-149,6.78,38.11,5.33,129585,20.7,130,0,Kaggle Cow Mastitis (From milk)
COW-107,7.17,40.52,8.71,329090,6.2,9,1,Kaggle Cow Mastitis (From milk)
COW-146,7.12,39.64,7.54,699572,9.9,97,1,Kaggle Cow Mastitis (From milk)
COW-131,7.23,39.72,8.07,416098,12.8,131,1,Kaggle Cow Mastitis (From milk)
COW-142,6.43,38.28,4.43,129232,22.7,157,0,Kaggle Cow Mastitis (From milk)
COW-112,7.07,40.67,7.72,227297,9.0,34,1,Kaggle Cow Mastitis (From milk)
COW-132,6.67,38.21,4.95,124921,24.7,264,0,Kaggle Cow Mastitis (From milk)
COW-137,6.54,38.2,5.74,160346,20.6,294,0,Kaggle Cow Mastitis (From milk)
COW-135,7.26,39.9,8.75,322314,5.6,222,1,Kaggle Cow Mastitis (From milk)
COW-121,7.41,39.68,6.4,251986,16.5,143,1,Kaggle Cow Mastitis (From milk)
COW-127,6.54,38.24,4.95,91682,19.3,202,0,Kaggle Cow Mastitis (From milk)
COW-122,7.21,39.34,7.8,779506,13.2,161,1,Kaggle Cow Mastitis (From milk)
COW-141,6.56,38.62,5.23,176355,26.4,159,0,Kaggle Cow Mastitis (From milk)
COW-142,6.63,38.78,5.95,172966,20.5,14,0,Kaggle Cow Mastitis (From milk)
COW-126,7.19,40.3,7.99,1263525,12.9,237,1,Kaggle Cow Mastitis (From milk)
COW-106,6.61,38.3,6.15,186414,20.8,137,0,Kaggle Cow Mastitis (From milk)
COW-129,6.55,38.18,4.67,138451,17.0,180,0,Kaggle Cow Mastitis (From milk)
COW-112,7.2,39.75,8.27,1338270,15.0,128,1,Kaggle Cow Mastitis (From milk)
COW-147,6.55,38.4,4.81,148545,23.9,205,0,Kaggle Cow Mastitis (From milk)
COW-135,7.27,39.98,7.71,1385986,13.2,102,1,Kaggle Cow Mastitis (From milk)
COW-133,6.3,38.34,5.13,152852,23.5,265,0,Kaggle Cow Mastitis (From milk)
COW-101,6.48,38.24,5.44,130143,27.4,196,0,Kaggle Cow Mastitis (From milk)
COW-102,6.71,37.8,5.77,120191,23.1,39,0,Kaggle Cow Mastitis (From milk)
COW-135,6.45,38.5,4.4,103900,15.4,227,0,Kaggle Cow Mastitis (From milk)
COW-121,6.65,38.68,5.53,90289,20.4,293,0,Kaggle Cow Mastitis (From milk)
COW-120,6.62,38.58,5.47,131501,25.2,125,0,Kaggle Cow Mastitis (From milk)
COW-103,7.35,39.85,6.96,563235,13.6,296,1,Kaggle Cow Mastitis (From milk)
COW-132,7.34,39.59,8.71,676923,8.0,246,1,Kaggle Cow Mastitis (From milk)
COW-117,7.11,39.81,8.68,317435,15.9,131,1,Kaggle Cow Mastitis (From milk)
COW-147,7.09,40.69,8.09,1091484,10.8,281,1,Kaggle Cow Mastitis (From milk)
COW-150,7.52,39.67,7.01,903590,8.0,192,1,Kaggle Cow Mastitis (From milk)
COW-139,6.57,38.23,5.65,50002,26.4,203,0,Kaggle Cow Mastitis (From milk)
COW-141,6.61,38.8,5.56,63833,23.7,78,0,Kaggle Cow Mastitis (From milk)
COW-101,7.07,39.23,8.12,1066369,13.0,113,1,Kaggle Cow Mastitis (From milk)
COW-121,7.15,40.88,8.33,1213114,12.5,224,1,Kaggle Cow Mastitis (From milk)
COW-143,7.26,39.42,7.78,284440,12.9,154,1,Kaggle Cow Mastitis (From milk)
COW-129,6.63,38.57,5.58,159810,16.1,47,0,Kaggle Cow Mastitis (From milk)
COW-111,6.6,38.09,5.07,161813,21.9,223,0,Kaggle Cow Mastitis (From milk)
COW-138,6.78,38.08,4.35,101179,19.5,243,0,Kaggle Cow Mastitis (From milk)
COW-131,7.28,40.51,7.47,1353681,14.7,274,1,Kaggle Cow Mastitis (From milk)
COW-136,7.15,40.23,8.85,1274842,14.2,250,1,Kaggle Cow Mastitis (From milk)
COW-112,7.23,40.77,7.03,388521,8.8,103,1,Kaggle Cow Mastitis (From milk)
COW-116,7.08,39.88,8.01,1346506,7.8,188,1,Kaggle Cow Mastitis (From milk)
COW-126,7.15,39.84,6.82,1380780,11.7,57,1,Kaggle Cow Mastitis (From milk)
COW-116,6.88,39.91,9.71,468944,14.2,40,1,Kaggle Cow Mastitis (From milk)
COW-110,7.2,39.38,8.12,447358,10.2,61,1,Kaggle Cow Mastitis (From milk)
COW-121,6.57,38.65,5.67,191258,18.1,145,0,Kaggle Cow Mastitis (From milk)
COW-133,7.21,39.47,8.53,1054992,12.6,33,1,Kaggle Cow Mastitis (From milk)
COW-125,6.57,38.2,5.49,179070,14.0,106,0,Kaggle Cow Mastitis (From milk)
COW-116,7.15,40.16,8.95,705150,11.2,269,1,Kaggle Cow Mastitis (From milk)
COW-137,6.57,38.8,4.98,101192,22.7,42,0,Kaggle Cow Mastitis (From milk)
COW-119,7.44,39.56,6.63,577799,11.2,210,1,Kaggle Cow Mastitis (From milk)
COW-142,6.81,38.72,5.21,60318,22.8,95,0,Kaggle Cow Mastitis (From milk)
COW-122,6.57,38.21,5.38,85758,20.8,72,0,Kaggle Cow Mastitis (From milk)
COW-134,7.53,39.68,6.4,654535,12.6,149,1,Kaggle Cow Mastitis (From milk)
COW-109,6.76,38.68,5.01,71359,18.8,133,0,Kaggle Cow Mastitis (From milk)
COW-132,7.09,40.29,7.41,494773,16.3,210,1,Kaggle Cow Mastitis (From milk)
COW-113,7.3,39.43,7.82,1385095,10.4,163,1,Kaggle Cow Mastitis (From milk)
COW-129,7.24,40.25,7.32,1246050,10.4,75,1,Kaggle Cow Mastitis (From milk)
COW-105,6.62,37.99,5.27,175468,25.2,5,0,Kaggle Cow Mastitis (From milk)
COW-137,7.27,40.72,7.72,1366777,13.7,73,1,Kaggle Cow Mastitis (From milk)
COW-102,6.38,38.57,5.44,134647,22.7,95,0,Kaggle Cow Mastitis (From milk)
COW-122,6.57,38.65,5.04,189601,24.3,222,0,Kaggle Cow Mastitis (From milk)
COW-142,7.09,39.43,7.22,1226914,11.2,3,1,Kaggle Cow Mastitis (From milk)
COW-133,6.88,39.76,7.52,1381892,10.7,188,1,Kaggle Cow Mastitis (From milk)
COW-137,6.56,38.51,4.76,187276,23.7,63,0,Kaggle Cow Mastitis (From milk)
COW-106,6.65,38.48,5.08,137225,18.6,76,0,Kaggle Cow Mastitis (From milk)
COW-103,6.35,38.3,4.56,142213,26.5,226,0,Kaggle Cow Mastitis (From milk)
COW-126,7.35,39.77,8.52,600916,12.1,204,1,Kaggle Cow Mastitis (From milk)
COW-123,6.75,37.81,5.17,109182,21.9,189,0,Kaggle Cow Mastitis (From milk)
COW-134,7.36,39.29,6.4,295278,13.2,201,1,Kaggle Cow Mastitis (From milk)
COW-133,7.54,40.08,7.36,965432,13.2,193,1,Kaggle Cow Mastitis (From milk)
COW-139,6.88,39.66,8.67,1031568,11.9,89,1,Kaggle Cow Mastitis (From milk)
COW-103,7.31,39.73,7.55,1370387,13.8,40,1,Kaggle Cow Mastitis (From milk)
COW-109,6.77,38.43,4.94,191096,16.9,133,0,Kaggle Cow Mastitis (From milk)
COW-145,7.23,38.93,6.85,1089038,13.8,98,1,Kaggle Cow Mastitis (From milk)
COW-101,7.04,39.38,6.72,585174,10.5,9,1,Kaggle Cow Mastitis (From milk)
COW-136,6.88,40.47,8.0,714815,13.3,46,1,Kaggle Cow Mastitis (From milk)
COW-118,7.13,39.62,8.44,280375,13.0,120,1,Kaggle Cow Mastitis (From milk)
COW-125,7.0,38.96,7.13,760322,4.0,99,1,Kaggle Cow Mastitis (From milk)
COW-101,6.92,39.31,7.44,832122,11.8,22,1,Kaggle Cow Mastitis (From milk)
COW-143,6.7,38.54,5.46,163153,18.4,226,0,Kaggle Cow Mastitis (From milk)
COW-133,6.88,40.27,7.87,578832,13.3,155,1,Kaggle Cow Mastitis (From milk)
COW-139,6.57,38.21,5.4,113309,18.4,34,0,Kaggle Cow Mastitis (From milk)
COW-129,7.07,40.01,6.49,1057412,13.9,17,1,Kaggle Cow Mastitis (From milk)
COW-136,6.95,40.13,7.52,1144532,6.7,59,1,Kaggle Cow Mastitis (From milk)
COW-119,7.52,38.9,7.8,512205,16.3,145,1,Kaggle Cow Mastitis (From milk)
COW-133,6.75,38.36,5.34,82201,22.4,56,0,Kaggle Cow Mastitis (From milk)
COW-144,6.7,38.53,5.4,188072,18.1,69,0,Kaggle Cow Mastitis (From milk)
COW-106,7.4,39.6,8.29,1204503,13.7,4,1,Kaggle Cow Mastitis (From milk)
COW-144,6.52,38.64,4.3,161886,18.5,292,0,Kaggle Cow Mastitis (From milk)
COW-115,7.16,40.62,6.78,374920,14.1,88,1,Kaggle Cow Mastitis (From milk)
COW-112,7.34,40.28,8.12,1281114,13.4,291,1,Kaggle Cow Mastitis (From milk)
COW-108,6.72,38.45,5.04,146053,21.4,187,0,Kaggle Cow Mastitis (From milk)
COW-147,6.33,38.18,5.2,188900,19.5,69,0,Kaggle Cow Mastitis (From milk)
COW-132,6.56,38.67,5.14,134335,14.0,111,0,Kaggle Cow Mastitis (From milk)
COW-142,7.07,39.42,8.03,827396,12.2,87,1,Kaggle Cow Mastitis (From milk)
COW-113,6.88,40.2,7.58,566822,11.0,233,1,Kaggle Cow Mastitis (From milk)
COW-112,6.58,38.47,4.98,93925,25.8,293,0,Kaggle Cow Mastitis (From milk)
COW-139,7.11,38.9,8.04,1276756,11.7,3,1,Kaggle Cow Mastitis (From milk)
COW-147,7.2,39.82,7.84,236752,10.5,227,1,Kaggle Cow Mastitis (From milk)
COW-123,6.4,37.8,5.59,180291,20.3,1,0,Kaggle Cow Mastitis (From milk)
COW-140,7.45,40.62,8.7,501182,16.5,59,1,Kaggle Cow Mastitis (From milk)
COW-144,6.53,38.72,4.82,167613,18.4,252,0,Kaggle Cow Mastitis (From milk)
COW-113,6.88,40.5,7.36,677808,15.3,280,1,Kaggle Cow Mastitis (From milk)
COW-103,6.42,37.8,5.49,151670,15.9,288,0,Kaggle Cow Mastitis (From milk)
COW-120,6.56,38.7,4.97,98437,16.5,282,0,Kaggle Cow Mastitis (From milk)
COW-149,6.97,39.54,7.4,1360539,8.5,161,1,Kaggle Cow Mastitis (From milk)
COW-135,7.43,39.94,8.01,679266,11.2,282,1,Kaggle Cow Mastitis (From milk)
COW-123,7.1,40.36,7.4,754333,12.8,215,1,Kaggle Cow Mastitis (From milk)
COW-118,6.6,38.3,4.85,105731,21.0,104,0,Kaggle Cow Mastitis (From milk)
COW-111,6.78,38.25,6.2,57516,22.1,173,0,Kaggle Cow Mastitis (From milk)
COW-101,7.43,40.28,7.99,906431,10.1,67,1,Kaggle Cow Mastitis (From milk)
COW-113,6.55,37.97,4.94,187817,23.5,228,0,Kaggle Cow Mastitis (From milk)
COW-123,7.44,39.61,8.11,827897,10.8,193,1,Kaggle Cow Mastitis (From milk)
COW-136,7.0,40.04,7.77,763188,15.9,56,1,Kaggle Cow Mastitis (From milk)
COW-102,7.05,40.64,7.86,1329111,10.4,108,1,Kaggle Cow Mastitis (From milk)
COW-114,7.06,40.47,6.4,744597,7.5,153,1,Kaggle Cow Mastitis (From milk)
COW-115,6.63,38.58,5.28,75407,18.9,109,0,Kaggle Cow Mastitis (From milk)
COW-115,6.63,38.41,5.14,55223,24.8,233,0,Kaggle Cow Mastitis (From milk)
COW-132,7.3,39.99,8.73,548859,10.3,82,1,Kaggle Cow Mastitis (From milk)
COW-150,7.0,39.44,8.32,1030937,12.9,82,1,Kaggle Cow Mastitis (From milk)
COW-148,6.88,39.24,8.55,822343,11.0,183,1,Kaggle Cow Mastitis (From milk)
COW-133,6.36,38.23,4.92,93107,19.1,90,0,Kaggle Cow Mastitis (From milk)
COW-123,7.02,39.91,9.0,1046954,10.2,209,1,Kaggle Cow Mastitis (From milk)
COW-108,6.47,38.2,5.1,192153,19.8,92,0,Kaggle Cow Mastitis (From milk)
COW-127,6.78,38.26,6.08,111658,21.5,118,0,Kaggle Cow Mastitis (From milk)
COW-148,6.3,38.04,5.51,183332,22.8,238,0,Kaggle Cow Mastitis (From milk)
COW-103,7.46,40.68,8.24,542700,13.5,68,1,Kaggle Cow Mastitis (From milk)
COW-139,6.54,38.26,5.88,123364,19.8,25,0,Kaggle Cow Mastitis (From milk)
COW-147,7.37,40.24,7.31,1107122,13.1,37,1,Kaggle Cow Mastitis (From milk)
COW-142,6.7,37.95,4.47,94072,19.7,212,0,Kaggle Cow Mastitis (From milk)
COW-102,6.61,38.16,4.25,166001,25.7,254,0,Kaggle Cow Mastitis (From milk)
COW-120,6.42,38.14,4.71,170760,21.7,136,0,Kaggle Cow Mastitis (From milk)
COW-148,7.26,39.67,7.16,625065,6.9,288,1,Kaggle Cow Mastitis (From milk)
COW-133,6.67,38.32,5.09,107686,17.0,111,0,Kaggle Cow Mastitis (From milk)
COW-139,6.72,38.5,5.49,177003,22.9,75,0,Kaggle Cow Mastitis (From milk)
COW-132,6.54,38.34,5.29,82523,19.2,47,0,Kaggle Cow Mastitis (From milk)
COW-108,7.11,38.9,8.0,466735,13.3,82,1,Kaggle Cow Mastitis (From milk)
COW-116,6.46,38.46,5.58,89740,16.9,237,0,Kaggle Cow Mastitis (From milk)
COW-108,7.25,40.4,9.73,1124290,10.7,51,1,Kaggle Cow Mastitis (From milk)
COW-137,6.93,39.74,7.33,1215699,10.2,186,1,Kaggle Cow Mastitis (From milk)
COW-140,6.72,38.45,5.66,159368,20.3,192,0,Kaggle Cow Mastitis (From milk)
COW-129,7.11,39.95,8.07,879877,8.7,162,1,Kaggle Cow Mastitis (From milk)
COW-114,7.36,40.19,8.66,931830,16.4,158,1,Kaggle Cow Mastitis (From milk)
COW-125,7.22,39.81,9.26,1394597,5.7,185,1,Kaggle Cow Mastitis (From milk)
COW-111,7.33,40.34,6.91,476594,15.4,181,1,Kaggle Cow Mastitis (From milk)
COW-123,6.85,38.15,6.2,145847,17.2,84,0,Kaggle Cow Mastitis (From milk)
COW-110,7.36,39.84,7.92,681283,10.5,191,1,Kaggle Cow Mastitis (From milk)
COW-141,7.08,39.5,6.91,893608,14.1,227,1,Kaggle Cow Mastitis (From milk)
COW-108,6.96,39.38,8.28,1164162,13.7,7,1,Kaggle Cow Mastitis (From milk)
COW-119,7.16,40.6,7.18,854297,14.4,96,1,Kaggle Cow Mastitis (From milk)
COW-132,6.59,38.12,5.16,51206,14.5,19,0,Kaggle Cow Mastitis (From milk)
COW-147,7.35,40.15,7.78,800562,11.0,270,1,Kaggle Cow Mastitis (From milk)
COW-105,7.49,39.78,7.47,1000384,14.8,282,1,Kaggle Cow Mastitis (From milk)
COW-125,6.58,38.11,5.25,190687,25.9,67,0,Kaggle Cow Mastitis (From milk)
COW-122,7.04,39.32,7.58,767503,11.1,251,1,Kaggle Cow Mastitis (From milk)
COW-105,7.13,40.43,7.13,1127492,11.6,11,1,Kaggle Cow Mastitis (From milk)
COW-112,7.4,40.07,7.24,691980,14.2,168,1,Kaggle Cow Mastitis (From milk)
COW-105,6.5,38.43,4.86,96642,14.0,214,0,Kaggle Cow Mastitis (From milk)
COW-111,6.67,38.55,5.42,160056,21.7,296,0,Kaggle Cow Mastitis (From milk)
COW-125,7.2,40.15,7.34,1380342,9.4,124,1,Kaggle Cow Mastitis (From milk)
COW-136,7.09,39.19,8.27,1334755,16.5,16,1,Kaggle Cow Mastitis (From milk)
COW-132,6.68,38.32,5.08,148616,21.8,63,0,Kaggle Cow Mastitis (From milk)
COW-117,6.61,38.04,4.0,64865,15.0,60,0,Kaggle Cow Mastitis (From milk)
COW-131,7.32,38.9,8.06,488168,15.5,146,1,Kaggle Cow Mastitis (From milk)
COW-136,6.43,38.28,4.78,141681,17.7,210,0,Kaggle Cow Mastitis (From milk)
COW-107,7.44,39.92,7.98,1026075,12.2,54,1,Kaggle Cow Mastitis (From milk)
COW-147,7.3,39.41,9.46,454930,9.1,262,1,Kaggle Cow Mastitis (From milk)
COW-130,6.69,38.1,5.45,152461,21.7,25,0,Kaggle Cow Mastitis (From milk)
COW-141,6.58,38.5,5.14,105175,27.5,143,0,Kaggle Cow Mastitis (From milk)
COW-116,7.53,39.71,7.98,698661,15.4,266,1,Kaggle Cow Mastitis (From milk)
COW-112,6.44,38.38,5.18,69099,24.0,10,0,Kaggle Cow Mastitis (From milk)
COW-103,6.58,38.22,5.48,134524,19.5,257,0,Kaggle Cow Mastitis (From milk)
COW-124,6.57,38.53,5.14,191666,23.8,286,0,Kaggle Cow Mastitis (From milk)
COW-119,6.41,37.8,5.38,163192,22.4,94,0,Kaggle Cow Mastitis (From milk)
COW-135,7.45,39.75,8.25,1001535,11.9,233,1,Kaggle Cow Mastitis (From milk)
COW-105,7.37,39.47,7.74,823091,9.7,226,1,Kaggle Cow Mastitis (From milk)
COW-125,7.19,39.73,10.61,579299,13.3,235,1,Kaggle Cow Mastitis (From milk)
COW-147,6.42,38.65,4.6,187956,18.5,25,0,Kaggle Cow Mastitis (From milk)
COW-130,6.93,39.69,6.6,704663,13.2,130,1,Kaggle Cow Mastitis (From milk)
COW-111,7.02,39.72,7.09,657749,9.5,187,1,Kaggle Cow Mastitis (From milk)
COW-135,7.03,39.64,6.87,1173390,9.9,58,1,Kaggle Cow Mastitis (From milk)
COW-126,7.08,39.78,8.06,1216940,10.1,158,1,Kaggle Cow Mastitis (From milk)
COW-131,7.15,39.85,8.11,561879,14.5,59,1,Kaggle Cow Mastitis (From milk)
COW-116,7.12,40.21,7.67,524006,8.8,39,1,Kaggle Cow Mastitis (From milk)
COW-113,7.15,39.28,8.0,280956,16.5,267,1,Kaggle Cow Mastitis (From milk)
COW-144,7.25,39.03,8.57,1142500,10.9,62,1,Kaggle Cow Mastitis (From milk)
COW-127,7.31,39.32,7.56,1360614,7.3,160,1,Kaggle Cow Mastitis (From milk)
COW-108,6.88,39.97,6.67,763219,7.9,44,1,Kaggle Cow Mastitis (From milk)
COW-135,7.14,39.72,8.08,851940,11.6,16,1,Kaggle Cow Mastitis (From milk)
COW-116,6.84,38.14,4.86,140240,16.5,233,0,Kaggle Cow Mastitis (From milk)
COW-116,6.6,38.4,4.71,183544,22.1,78,0,Kaggle Cow Mastitis (From milk)
COW-139,6.34,38.65,5.87,187236,16.3,6,0,Kaggle Cow Mastitis (From milk)
COW-149,6.89,39.93,8.41,1042656,14.2,152,1,Kaggle Cow Mastitis (From milk)
COW-147,6.5,37.95,5.24,71310,22.9,192,0,Kaggle Cow Mastitis (From milk)
COW-133,6.92,40.25,8.24,1232272,8.5,129,1,Kaggle Cow Mastitis (From milk)
COW-102,6.51,38.37,4.61,80026,22.6,4,0,Kaggle Cow Mastitis (From milk)
COW-150,7.2,39.67,8.21,527802,12.8,63,1,Kaggle Cow Mastitis (From milk)
COW-128,7.21,40.59,9.15,675819,9.2,123,1,Kaggle Cow Mastitis (From milk)
COW-110,7.16,40.48,6.48,743258,11.2,227,1,Kaggle Cow Mastitis (From milk)
COW-120,7.35,39.31,6.4,1177720,11.9,113,1,Kaggle Cow Mastitis (From milk)
COW-115,6.66,38.2,5.28,73442,20.7,121,0,Kaggle Cow Mastitis (From milk)
COW-107,6.94,39.81,6.4,437476,9.3,149,1,Kaggle Cow Mastitis (From milk)
COW-111,6.46,38.17,4.8,153577,21.7,165,0,Kaggle Cow Mastitis (From milk)
COW-137,7.14,39.17,7.51,1119030,12.8,47,1,Kaggle Cow Mastitis (From milk)
COW-126,6.95,40.25,7.73,1327054,6.8,224,1,Kaggle Cow Mastitis (From milk)
COW-123,7.0,40.42,8.03,792572,16.5,12,1,Kaggle Cow Mastitis (From milk)
COW-132,7.2,39.25,7.61,1018709,14.1,176,1,Kaggle Cow Mastitis (From milk)
COW-149,6.56,38.2,5.43,111281,17.3,38,0,Kaggle Cow Mastitis (From milk)
COW-142,6.76,38.29,5.35,87513,27.2,113,0,Kaggle Cow Mastitis (From milk)
COW-133,6.54,37.95,4.89,138927,15.2,264,0,Kaggle Cow Mastitis (From milk)
COW-126,7.19,39.49,7.63,598777,11.1,269,1,Kaggle Cow Mastitis (From milk)
COW-102,6.7,38.44,5.77,107013,17.4,168,0,Kaggle Cow Mastitis (From milk)
COW-108,6.66,38.46,5.18,143737,17.8,83,0,Kaggle Cow Mastitis (From milk)
COW-112,7.21,40.44,6.4,673729,15.8,198,1,Kaggle Cow Mastitis (From milk)
COW-118,7.11,39.85,7.23,305745,9.6,289,1,Kaggle Cow Mastitis (From milk)
COW-109,7.12,40.24,6.66,1176607,11.8,251,1,Kaggle Cow Mastitis (From milk)
COW-113,7.49,39.04,8.35,776519,10.6,39,1,Kaggle Cow Mastitis (From milk)
COW-125,6.43,38.29,4.64,85864,19.7,56,0,Kaggle Cow Mastitis (From milk)
COW-110,6.88,39.84,7.74,232406,10.1,26,1,Kaggle Cow Mastitis (From milk)
COW-150,7.12,40.02,8.2,1357149,5.2,178,1,Kaggle Cow Mastitis (From milk)
COW-139,7.24,39.62,6.4,1004392,15.4,122,1,Kaggle Cow Mastitis (From milk)
COW-150,6.44,38.42,4.49,59019,18.1,81,0,Kaggle Cow Mastitis (From milk)
COW-128,6.6,38.31,5.17,140250,19.7,66,0,Kaggle Cow Mastitis (From milk)
COW-115,6.65,38.06,5.64,155755,16.7,113,0,Kaggle Cow Mastitis (From milk)
COW-135,6.59,38.32,5.01,164195,21.5,273,0,Kaggle Cow Mastitis (From milk)
COW-144,6.75,38.31,4.77,60963,28.8,251,0,Kaggle Cow Mastitis (From milk)
COW-147,7.37,39.51,8.29,923448,13.7,81,1,Kaggle Cow Mastitis (From milk)
COW-132,6.65,37.96,5.06,93001,17.0,35,0,Kaggle Cow Mastitis (From milk)
COW-128,7.39,40.01,7.97,1095997,13.7,76,1,Kaggle Cow Mastitis (From milk)
COW-125,6.45,38.43,5.05,115287,20.3,141,0,Kaggle Cow Mastitis (From milk)
COW-135,6.59,38.24,5.96,147542,22.5,228,0,Kaggle Cow Mastitis (From milk)
COW-114,7.02,39.34,8.17,985446,12.2,264,1,Kaggle Cow Mastitis (From milk)
COW-131,7.41,40.33,8.66,1350603,13.6,62,1,Kaggle Cow Mastitis (From milk)
COW-127,6.65,38.8,5.47,112933,19.5,194,0,Kaggle Cow Mastitis (From milk)
COW-113,7.16,40.01,8.9,553409,9.3,14,1,Kaggle Cow Mastitis (From milk)
COW-126,7.34,39.29,8.12,908303,12.1,268,1,Kaggle Cow Mastitis (From milk)
COW-103,6.39,38.32,4.9,145212,20.3,300,0,Kaggle Cow Mastitis (From milk)
COW-150,6.75,38.09,6.01,129254,30.8,111,0,Kaggle Cow Mastitis (From milk)
COW-148,7.55,39.94,7.72,553663,12.4,278,1,Kaggle Cow Mastitis (From milk)
COW-138,7.36,39.65,8.35,1156937,4.0,153,1,Kaggle Cow Mastitis (From milk)
COW-144,6.42,38.77,5.61,106906,19.5,15,0,Kaggle Cow Mastitis (From milk)
COW-121,7.47,38.9,6.4,814877,9.4,285,1,Kaggle Cow Mastitis (From milk)
COW-116,7.44,39.43,8.04,759128,12.9,227,1,Kaggle Cow Mastitis (From milk)
COW-104,6.59,38.65,4.83,56365,15.8,151,0,Kaggle Cow Mastitis (From milk)
COW-124,6.43,38.49,4.86,59526,22.2,34,0,Kaggle Cow Mastitis (From milk)
COW-130,6.67,38.74,5.11,90962,14.0,83,0,Kaggle Cow Mastitis (From milk)
COW-121,6.39,38.2,4.96,87686,18.6,286,0,Kaggle Cow Mastitis (From milk)
COW-149,7.11,39.14,7.46,573917,14.2,27,1,Kaggle Cow Mastitis (From milk)
COW-142,6.54,38.4,4.7,188849,15.6,215,0,Kaggle Cow Mastitis (From milk)
COW-113,6.44,38.62,4.74,55448,22.1,94,0,Kaggle Cow Mastitis (From milk)
COW-102,6.78,38.29,4.88,159366,16.4,13,0,Kaggle Cow Mastitis (From milk)
COW-128,6.61,38.46,4.31,69470,19.5,273,0,Kaggle Cow Mastitis (From milk)
COW-138,6.6,38.27,5.01,88320,18.2,1,0,Kaggle Cow Mastitis (From milk)
COW-133,6.85,38.61,5.38,51763,23.5,157,0,Kaggle Cow Mastitis (From milk)
COW-106,7.3,39.89,8.63,1064862,7.2,176,1,Kaggle Cow Mastitis (From milk)
COW-119,6.46,38.37,5.34,191886,25.5,104,0,Kaggle Cow Mastitis (From milk)
COW-137,7.36,40.23,8.11,545169,5.6,209,1,Kaggle Cow Mastitis (From milk)
COW-130,7.27,40.26,7.66,1323765,8.6,158,1,Kaggle Cow Mastitis (From milk)
COW-105,7.74,39.67,8.5,260565,11.1,157,1,Kaggle Cow Mastitis (From milk)
COW-123,6.5,38.76,4.78,84071,15.6,42,0,Kaggle Cow Mastitis (From milk)
COW-132,6.66,37.8,5.19,190193,17.8,140,0,Kaggle Cow Mastitis (From milk)
COW-115,6.62,38.5,5.02,110820,19.9,282,0,Kaggle Cow Mastitis (From milk)
COW-126,7.19,39.57,6.99,1271545,15.0,101,1,Kaggle Cow Mastitis (From milk)
COW-139,7.02,40.1,6.9,1225417,10.3,266,1,Kaggle Cow Mastitis (From milk)
COW-144,7.09,40.06,8.31,936643,13.1,90,1,Kaggle Cow Mastitis (From milk)
COW-116,7.09,39.84,8.7,1372409,9.3,109,1,Kaggle Cow Mastitis (From milk)
COW-124,6.58,38.03,5.19,51755,27.8,8,0,Kaggle Cow Mastitis (From milk)
COW-150,7.14,40.67,8.54,245779,10.0,215,1,Kaggle Cow Mastitis (From milk)
COW-123,6.56,38.55,5.65,158516,19.5,78,0,Kaggle Cow Mastitis (From milk)
COW-129,6.51,38.39,5.92,103902,21.4,53,0,Kaggle Cow Mastitis (From milk)
COW-130,7.01,39.8,6.66,613856,11.9,219,1,Kaggle Cow Mastitis (From milk)
COW-134,6.98,38.9,8.29,1070139,14.4,216,1,Kaggle Cow Mastitis (From milk)
COW-108,6.54,38.73,5.05,132583,23.7,92,0,Kaggle Cow Mastitis (From milk)
COW-149,6.6,38.24,5.0,173022,23.7,142,0,Kaggle Cow Mastitis (From milk)
COW-115,6.68,38.01,4.87,133853,15.8,103,0,Kaggle Cow Mastitis (From milk)
COW-110,7.3,39.94,8.91,1036230,7.9,292,1,Kaggle Cow Mastitis (From milk)
COW-122,7.3,39.36,8.59,575140,9.1,223,1,Kaggle Cow Mastitis (From milk)
COW-142,7.17,39.23,8.64,377761,9.3,202,1,Kaggle Cow Mastitis (From milk)
COW-129,6.64,38.45,4.61,72450,20.1,154,0,Kaggle Cow Mastitis (From milk)
COW-125,6.46,38.28,5.16,189220,19.5,73,0,Kaggle Cow Mastitis (From milk)
COW-108,6.63,38.73,5.69,120041,16.9,149,0,Kaggle Cow Mastitis (From milk)
COW-104,7.41,39.65,8.41,266447,13.9,81,1,Kaggle Cow Mastitis (From milk)
COW-133,6.69,38.43,4.12,61162,21.1,63,0,Kaggle Cow Mastitis (From milk)
COW-148,6.45,38.15,5.33,116949,21.6,5,0,Kaggle Cow Mastitis (From milk)
COW-140,6.62,37.9,5.46,93923,21.3,288,0,Kaggle Cow Mastitis (From milk)
COW-116,6.62,38.26,5.01,143051,22.7,141,0,Kaggle Cow Mastitis (From milk)
COW-120,7.35,40.06,9.22,738684,10.1,171,1,Kaggle Cow Mastitis (From milk)
COW-147,6.34,38.62,5.4,112870,17.3,18,0,Kaggle Cow Mastitis (From milk)
COW-135,6.5,37.96,4.81,190220,23.6,289,0,Kaggle Cow Mastitis (From milk)
COW-132,6.71,38.31,5.1,135714,22.8,277,0,Kaggle Cow Mastitis (From milk)
COW-128,6.99,39.92,7.66,901277,12.9,99,1,Kaggle Cow Mastitis (From milk)
COW-117,6.89,39.6,8.44,791324,15.0,226,1,Kaggle Cow Mastitis (From milk)
COW-116,7.5,39.26,6.83,604940,15.3,41,1,Kaggle Cow Mastitis (From milk)
COW-127,7.07,39.37,7.19,377275,11.1,227,1,Kaggle Cow Mastitis (From milk)
COW-133,7.19,40.06,9.06,1047295,14.2,64,1,Kaggle Cow Mastitis (From milk)
COW-133,6.75,38.64,4.53,150716,15.1,62,0,Kaggle Cow Mastitis (From milk)
COW-145,7.2,39.45,7.01,1133893,12.4,198,1,Kaggle Cow Mastitis (From milk)
COW-141,7.31,40.06,7.88,552554,13.2,264,1,Kaggle Cow Mastitis (From milk)
COW-150,7.2,40.42,8.42,278168,10.9,105,1,Kaggle Cow Mastitis (From milk)
COW-103,6.49,38.74,5.02,161004,21.6,194,0,Kaggle Cow Mastitis (From milk)
COW-133,7.11,39.27,6.4,505090,11.9,38,1,Kaggle Cow Mastitis (From milk)
COW-101,7.45,40.79,7.76,1066858,9.7,29,1,Kaggle Cow Mastitis (From milk)
COW-119,7.35,39.22,7.56,840791,13.6,120,1,Kaggle Cow Mastitis (From milk)
COW-136,7.05,39.48,7.26,265313,8.5,29,1,Kaggle Cow Mastitis (From milk)
COW-135,6.8,38.01,5.01,61055,19.3,126,0,Kaggle Cow Mastitis (From milk)
COW-145,7.24,40.25,7.7,978477,6.4,154,1,Kaggle Cow Mastitis (From milk)
COW-126,7.32,39.95,7.09,334100,12.3,80,1,Kaggle Cow Mastitis (From milk)
COW-136,7.35,40.02,7.45,702835,15.1,295,1,Kaggle Cow Mastitis (From milk)
COW-126,6.59,38.08,5.51,174198,24.3,14,0,Kaggle Cow Mastitis (From milk)
COW-138,6.63,38.4,5.74,188880,23.6,118,0,Kaggle Cow Mastitis (From milk)
COW-102,6.68,38.43,4.76,104219,17.8,23,0,Kaggle Cow Mastitis (From milk)
COW-128,7.28,39.29,7.14,648817,10.4,128,1,Kaggle Cow Mastitis (From milk)
COW-145,6.69,38.61,5.4,179421,18.3,180,0,Kaggle Cow Mastitis (From milk)
COW-126,6.54,38.3,5.52,154176,27.3,38,0,Kaggle Cow Mastitis (From milk)
COW-106,6.62,38.07,6.03,110402,24.3,26,0,Kaggle Cow Mastitis (From milk)
COW-150,6.64,38.5,5.03,64774,19.2,144,0,Kaggle Cow Mastitis (From milk)
COW-120,7.18,39.43,6.4,368816,12.4,229,1,Kaggle Cow Mastitis (From milk)
COW-147,7.49,39.15,7.75,288980,16.5,117,1,Kaggle Cow Mastitis (From milk)
COW-121,6.56,38.34,5.42,190438,16.0,154,0,Kaggle Cow Mastitis (From milk)
COW-145,7.49,39.93,8.02,1269021,13.8,17,1,Kaggle Cow Mastitis (From milk)
COW-125,6.58,38.3,5.15,91435,18.9,11,0,Kaggle Cow Mastitis (From milk)
COW-119,7.29,39.13,7.58,1238849,10.3,262,1,Kaggle Cow Mastitis (From milk)
COW-122,6.52,38.05,4.66,183172,29.7,119,0,Kaggle Cow Mastitis (From milk)
COW-148,7.32,39.72,6.65,891664,14.1,261,1,Kaggle Cow Mastitis (From milk)
COW-107,6.4,38.75,5.2,142889,19.4,107,0,Kaggle Cow Mastitis (From milk)
COW-121,6.58,38.63,4.91,151665,22.2,118,0,Kaggle Cow Mastitis (From milk)
COW-118,6.63,37.86,5.35,77566,17.3,46,0,Kaggle Cow Mastitis (From milk)
COW-119,7.12,39.85,7.07,1018408,12.1,215,1,Kaggle Cow Mastitis (From milk)
COW-148,6.49,38.56,5.79,66429,18.8,297,0,Kaggle Cow Mastitis (From milk)
COW-117,6.5,38.13,4.74,166971,21.1,138,0,Kaggle Cow Mastitis (From milk)
COW-101,7.12,39.22,6.63,461667,15.1,40,1,Kaggle Cow Mastitis (From milk)
COW-134,6.54,38.52,5.27,91888,19.1,3,0,Kaggle Cow Mastitis (From milk)
COW-128,7.0,39.76,7.23,327764,11.3,269,1,Kaggle Cow Mastitis (From milk)
COW-130,6.65,37.98,5.88,58387,23.5,162,0,Kaggle Cow Mastitis (From milk)
COW-138,7.3,40.37,7.5,1023913,13.6,251,1,Kaggle Cow Mastitis (From milk)
COW-126,6.52,38.29,5.55,165006,21.6,195,0,Kaggle Cow Mastitis (From milk)
COW-111,6.56,38.45,5.22,51311,14.9,113,0,Kaggle Cow Mastitis (From milk)
COW-131,6.41,38.43,5.45,152206,21.8,15,0,Kaggle Cow Mastitis (From milk)
COW-143,7.19,40.0,7.78,772897,14.2,36,1,Kaggle Cow Mastitis (From milk)
COW-101,6.78,38.52,5.09,131937,15.7,26,0,Kaggle Cow Mastitis (From milk)
